qubit_id,tx_state,tx_basis,decoy_level,rx_state,rx_basis,matching_basis
0,0,0,0,0,0,True
1,1,0,0,1,1,False
2,0,0,0,1,1,False
3,1,0,0,1,1,False
4,0,0,0,0,1,False
5,0,0,0,0,1,False
6,1,0,0,1,0,True
7,1,0,2,0,1,False
8,1,0,2,1,0,True
9,0,0,0,0,0,True
10,1,0,0,1,0,True
11,1,0,0,1,0,True
12,0,0,0,0,0,True
13,1,0,0,1,0,True
14,1,0,0,0,1,False
15,0,0,0,1,1,False
16,0,0,0,0,0,True
17,1,0,0,0,1,False
18,1,0,0,1,0,True
19,1,0,0,1,0,True
20,1,0,0,0,1,False
21,0,1,0,0,1,True
22,1,0,0,1,0,True
23,0,0,0,0,1,False
24,1,0,0,0,1,False
25,0,0,0,0,0,True
26,1,0,0,1,0,True
27,0,0,0,0,0,True
28,1,0,2,1,1,False
29,1,0,0,1,0,True
30,0,0,0,0,1,False
31,1,0,0,1,1,False
32,0,0,0,0,1,False
33,1,0,0,1,1,False
34,0,1,2,1,0,False
35,0,0,0,0,0,True
36,0,0,0,0,0,True
37,0,0,0,0,1,False
38,0,0,2,0,1,False
39,1,0,0,1,1,False
40,1,0,0,1,0,True
41,0,0,2,0,1,False
42,1,0,0,0,1,False
43,1,0,0,1,0,True
44,0,0,2,0,0,True
45,1,0,2,1,0,True
46,0,0,2,0,0,True
47,0,0,0,0,1,False
48,1,0,0,1,1,False
49,1,0,0,1,0,True
50,1,0,0,1,0,True
51,1,0,0,1,0,True
52,0,1,2,0,0,False
53,1,0,0,1,0,True
54,0,1,0,0,1,True
55,1,0,2,1,0,True
56,0,0,2,0,0,True
57,1,0,0,1,1,False
58,1,0,2,0,1,False
59,0,0,2,0,0,True
60,0,1,2,1,0,False
61,1,0,0,1,0,True
62,1,0,0,1,0,True
63,1,0,0,1,0,True
64,0,0,2,0,0,True
65,0,0,0,0,0,True
66,0,0,2,0,0,True
67,0,0,2,0,0,True
68,0,0,0,0,0,True
69,1,0,0,1,0,True
70,0,1,2,0,1,True
71,1,0,0,1,1,False
72,1,0,0,1,1,False
73,0,1,0,0,1,True
74,0,0,2,0,1,False
75,0,0,0,0,1,False
76,0,1,0,0,0,False
77,0,0,0,0,1,False
78,0,0,0,0,1,False
79,1,0,0,0,1,False
80,1,0,0,1,0,True
81,0,0,0,0,1,False
82,0,0,0,1,1,False
83,0,0,2,0,0,True
84,1,0,0,1,0,True
85,1,0,0,1,0,True
86,0,0,0,0,0,True
87,1,0,0,1,0,True
88,0,1,0,1,0,False
89,0,0,0,0,0,True
90,1,0,0,1,1,False
91,1,0,0,1,0,True
92,1,0,2,1,0,True
93,0,0,0,1,1,False
94,1,0,0,1,0,True
95,1,0,2,0,1,False
96,0,0,0,0,1,False
97,0,0,0,0,0,True
98,1,0,0,1,0,True
99,1,0,0,0,1,False
100,0,0,0,0,0,True
101,0,0,0,0,0,True
102,0,0,0,1,1,False
103,0,0,2,0,0,True
104,1,0,0,1,0,True
105,1,0,0,1,0,True
106,1,0,0,1,0,True
107,0,0,0,0,0,True
108,0,0,2,0,0,True
109,1,0,0,1,0,True
110,1,0,0,1,0,True
111,0,0,0,0,1,False
112,1,0,0,1,0,True
113,0,0,0,0,0,True
114,0,0,0,0,0,True
115,0,0,0,0,1,False
116,1,0,0,0,1,False
117,0,0,2,0,1,False
118,1,0,0,0,1,False
119,0,0,2,0,1,False
120,1,0,0,0,1,False
121,1,0,0,1,1,False
122,1,0,0,1,0,True
123,1,0,0,1,1,False
124,0,0,2,0,1,False
125,0,0,0,0,0,True
126,1,0,0,1,0,True
127,1,0,0,1,0,True
128,1,0,0,1,0,True
129,0,0,0,0,0,True
130,1,0,2,0,1,False
131,1,0,0,1,0,True
132,0,0,0,0,1,False
133,0,0,0,1,0,True
134,1,0,0,0,1,False
135,1,0,0,1,0,True
136,0,0,2,1,1,False
137,1,0,0,1,0,True
138,1,0,0,1,1,False
139,1,0,0,1,0,True
140,0,1,0,0,0,False
141,0,0,0,0,0,True
142,0,0,0,1,1,False
143,0,1,0,0,1,True
144,0,1,0,0,1,True
145,1,0,0,1,1,False
146,0,0,0,1,1,False
147,1,0,0,1,0,True
148,0,1,0,1,0,False
149,1,0,2,1,0,True
150,0,0,0,0,1,False
151,1,0,0,0,1,False
152,0,0,0,0,0,True
153,0,1,0,0,0,False
154,0,0,0,0,0,True
155,1,0,0,0,1,False
156,0,1,0,1,0,False
157,1,0,0,1,0,True
158,0,0,0,1,1,False
159,0,1,0,1,0,False
160,1,0,0,1,0,True
161,1,0,0,1,0,True
162,1,0,0,1,0,True
163,0,0,2,0,0,True
164,0,0,2,0,0,True
165,0,0,2,0,1,False
166,0,1,0,0,0,False
167,1,0,0,1,0,True
168,1,0,0,1,0,True
169,0,0,2,0,1,False
170,0,0,0,1,1,False
171,1,0,2,1,0,True
172,0,0,2,0,0,True
173,1,0,2,1,0,True
174,1,0,0,0,1,False
175,1,0,2,1,0,True
176,0,0,0,0,0,True
177,0,0,2,1,1,False
178,0,0,0,0,1,False
179,0,1,0,1,0,False
180,0,0,2,0,0,True
181,0,0,0,0,0,True
182,1,0,0,1,0,True
183,0,0,0,0,0,True
184,0,0,2,0,1,False
185,1,0,2,1,0,True
186,1,0,0,0,1,False
187,1,0,0,1,0,True
188,0,1,0,0,0,False
189,0,0,0,0,0,True
190,0,1,0,1,0,False
191,0,0,0,0,0,True
192,1,0,0,0,1,False
193,0,0,0,0,0,True
194,1,0,0,1,1,False
195,1,0,0,0,1,False
196,0,0,0,0,0,True
197,1,0,0,1,0,True
198,0,0,0,0,1,False
199,0,0,0,0,0,True
200,0,1,0,0,1,True
201,1,0,0,1,0,True
202,1,0,2,1,1,False
203,0,1,0,1,0,False
204,1,0,0,1,1,False
205,0,0,0,0,0,True
206,1,0,0,1,0,True
207,1,0,0,1,0,True
208,1,0,0,1,0,True
209,0,0,0,0,1,False
210,0,0,0,0,0,True
211,1,0,0,0,1,False
212,1,0,2,1,0,True
213,1,0,0,1,0,True
214,0,0,0,0,0,True
215,0,0,0,0,1,False
216,0,0,0,0,0,True
217,1,0,2,1,1,False
218,0,0,0,0,0,True
219,0,0,0,0,0,True
220,0,0,0,0,1,False
221,0,0,0,1,1,False
222,0,0,0,0,0,True
223,0,1,0,1,0,False
224,0,0,2,0,1,False
225,0,0,2,0,0,True
226,1,0,0,1,0,True
227,1,0,2,1,0,True
228,1,0,0,1,1,False
229,1,0,2,1,0,True
230,1,0,0,1,0,True
231,1,0,2,0,1,False
232,0,0,0,0,0,True
233,0,0,0,1,1,False
234,0,0,0,0,0,True
235,0,0,0,0,1,False
236,1,0,0,1,0,True
237,0,1,0,1,0,False
238,1,0,0,1,0,True
239,1,0,0,1,0,True
240,1,0,0,1,0,True
241,1,0,2,1,0,True
242,1,0,2,0,1,False
243,0,0,0,1,1,False
244,1,0,0,1,0,True
245,0,0,0,0,1,False
246,0,0,2,0,0,True
247,0,1,0,1,0,False
248,0,0,0,0,1,False
249,0,0,2,0,1,False
250,1,0,0,0,1,False
251,1,0,0,1,0,True
252,0,1,0,0,0,False
253,1,0,0,1,0,True
254,1,0,0,1,1,False
255,1,0,2,0,1,False
256,1,0,0,0,1,False
257,0,0,0,0,1,False
258,1,0,0,1,0,True
259,1,0,0,1,0,True
260,1,0,0,0,1,False
261,1,0,0,1,1,False
262,0,0,2,0,1,False
263,0,1,0,0,1,True
264,1,0,0,1,0,True
265,0,0,0,0,0,True
266,1,0,0,0,1,False
267,0,0,0,0,0,True
268,0,1,2,0,0,False
269,1,0,0,1,0,True
270,1,0,0,1,1,False
271,1,0,0,1,1,False
272,1,0,2,1,1,False
273,1,0,0,1,0,True
274,0,0,0,0,0,True
275,1,0,0,1,1,False
276,1,0,0,1,0,True
277,0,0,2,1,1,False
278,0,1,0,0,1,True
279,1,0,0,1,0,True
280,1,0,2,1,0,True
281,1,0,0,1,1,False
282,0,0,2,0,0,True
283,1,0,0,1,1,False
284,1,0,0,1,0,True
285,0,0,0,0,1,False
286,0,1,0,0,1,True
287,1,0,0,1,0,True
288,0,0,2,0,1,False
289,0,0,0,1,1,False
290,0,0,0,0,0,True
291,0,0,2,1,1,False
292,0,0,0,0,0,True
293,0,0,0,0,0,True
294,0,0,0,0,0,True
295,0,0,2,0,0,True
296,1,0,0,0,1,False
297,1,0,0,0,1,False
298,0,0,0,1,1,False
299,1,0,0,0,1,False
300,1,0,0,0,1,False
301,0,0,0,0,0,True
302,0,0,2,0,0,True
303,0,0,0,0,0,True
304,1,0,0,1,1,False
305,1,0,0,1,0,True
306,1,0,2,1,0,True
307,0,1,2,1,0,False
308,1,0,0,0,1,False
309,0,0,0,0,0,True
310,0,0,0,0,1,False
311,0,0,0,0,0,True
312,1,0,2,1,0,True
313,0,0,0,0,1,False
314,0,0,0,0,0,True
315,1,0,2,1,0,True
316,1,0,2,0,1,False
317,0,0,0,1,1,False
318,1,0,0,1,0,True
319,1,0,2,1,0,True
320,0,1,2,1,0,False
321,1,0,0,1,0,True
322,1,0,0,1,0,True
323,1,0,0,1,1,False
324,1,0,0,1,0,True
325,1,0,0,1,1,False
326,0,0,0,0,1,False
327,1,0,0,1,0,True
328,0,0,0,0,1,False
329,1,0,0,1,0,True
330,1,0,0,0,1,False
331,0,0,2,0,0,True
332,1,0,0,1,0,True
333,0,0,0,0,1,False
334,1,0,0,1,0,True
335,0,0,0,0,1,False
336,1,0,2,1,1,False
337,0,0,2,1,1,False
338,0,0,2,0,0,True
339,1,0,0,1,0,True
340,0,0,0,0,0,True
341,0,0,0,1,1,False
342,0,0,0,0,1,False
343,1,0,0,0,1,False
344,1,0,0,1,0,True
345,1,0,0,1,1,False
346,0,0,0,0,0,True
347,1,0,0,1,0,True
348,0,0,0,0,0,True
349,0,0,2,1,1,False
350,0,0,0,1,1,False
351,0,0,0,1,1,False
352,1,0,0,1,0,True
353,0,0,2,0,1,False
354,1,0,0,1,0,True
355,0,0,0,0,1,False
356,0,1,0,1,0,False
357,0,1,2,0,1,True
358,1,0,0,1,0,True
359,1,0,0,1,0,True
360,0,0,0,0,0,True
361,0,1,0,0,1,True
362,1,0,2,0,1,False
363,0,0,2,0,0,True
364,1,0,0,1,0,True
365,0,0,2,1,1,False
366,1,0,0,1,0,True
367,1,0,2,1,0,True
368,1,0,0,1,1,False
369,1,0,0,1,0,True
370,0,1,0,1,0,False
371,0,0,0,0,0,True
372,0,0,0,0,0,True
373,1,0,2,1,0,True
374,0,0,0,0,1,False
375,0,0,2,0,0,True
376,0,1,0,0,1,True
377,1,0,0,0,1,False
378,1,0,2,1,0,True
379,0,0,2,0,0,True
380,0,0,2,0,0,True
381,0,1,0,0,0,False
382,1,0,0,1,0,True
383,0,0,2,0,0,True
384,1,0,0,1,0,True
385,1,0,2,1,0,True
386,1,0,0,1,0,True
387,1,0,0,1,0,True
388,0,0,0,1,1,False
389,0,0,0,1,1,False
390,0,0,2,0,0,True
391,1,0,0,1,1,False
392,1,0,0,0,1,False
393,0,0,0,1,1,False
394,1,0,2,1,0,True
395,1,0,0,1,0,True
396,1,0,0,1,0,True
397,0,0,0,1,1,False
398,1,0,0,1,0,True
399,1,0,0,1,1,False
400,0,1,0,0,0,False
401,1,0,0,1,1,False
402,0,0,2,0,0,True
403,1,0,0,1,0,True
404,0,0,0,1,1,False
405,1,0,2,1,0,True
406,0,0,0,0,0,True
407,1,0,0,1,0,True
408,0,0,0,0,0,True
409,0,0,0,1,1,False
410,0,0,0,0,0,True
411,0,0,2,0,0,True
412,0,0,0,0,0,True
413,1,0,0,1,0,True
414,1,0,0,0,1,False
415,0,1,0,1,0,False
416,1,0,0,1,0,True
417,0,0,2,0,0,True
418,0,0,0,0,0,True
419,1,0,0,1,0,True
420,0,0,0,0,0,True
421,1,0,0,1,1,False
422,0,0,0,0,0,True
423,1,0,0,0,1,False
424,0,0,0,0,0,True
425,0,0,0,0,0,True
426,0,1,2,0,0,False
427,1,0,0,1,1,False
428,1,0,0,1,1,False
429,1,0,0,1,1,False
430,0,0,0,0,0,True
431,1,0,0,1,0,True
432,1,0,0,0,1,False
433,0,0,0,0,1,False
434,1,0,2,1,0,True
435,1,0,0,1,0,True
436,0,0,2,0,0,True
437,1,0,2,0,1,False
438,0,0,2,0,0,True
439,1,0,0,1,1,False
440,1,0,0,0,1,False
441,0,1,0,0,1,True
442,1,0,0,0,1,False
443,1,0,0,1,0,True
444,1,0,0,1,0,True
445,0,0,0,0,0,True
446,1,0,2,1,1,False
447,1,0,2,1,0,True
448,1,0,2,1,0,True
449,1,0,0,1,0,True
450,1,0,2,1,0,True
451,1,0,2,0,1,False
452,1,0,0,1,0,True
453,0,0,0,0,0,True
454,1,0,0,1,0,True
455,1,0,0,1,0,True
456,1,0,0,1,0,True
457,1,0,0,1,0,True
458,0,0,0,1,1,False
459,0,0,0,0,1,False
460,1,0,0,1,0,True
461,0,0,0,0,1,False
462,1,0,0,1,1,False
463,0,1,0,0,1,True
464,0,0,0,1,1,False
465,0,0,0,0,0,True
466,0,0,0,0,0,True
467,0,1,0,0,0,False
468,1,0,0,1,0,True
469,1,0,0,1,1,False
470,1,0,0,1,1,False
471,1,0,2,1,0,True
472,0,0,0,0,0,True
473,0,0,0,0,0,True
474,0,1,0,0,1,True
475,0,0,0,0,1,False
476,0,0,0,0,1,False
477,0,0,2,1,1,False
478,0,0,0,0,0,True
479,1,0,0,1,1,False
480,1,0,0,0,1,False
481,1,0,0,1,1,False
482,1,0,0,0,1,False
483,1,0,0,1,0,True
484,0,0,0,0,0,True
485,0,0,0,0,0,True
486,0,0,0,0,0,True
487,1,0,0,1,0,True
488,0,1,0,0,0,False
489,0,0,0,0,1,False
490,1,0,0,1,1,False
491,1,0,0,1,0,True
492,1,0,0,0,1,False
493,1,0,0,1,1,False
494,0,0,0,1,1,False
495,1,0,0,1,1,False
496,1,0,0,1,0,True
497,1,0,0,1,0,True
498,1,0,2,1,0,True
499,0,0,0,0,1,False
500,0,0,2,1,1,False
501,1,0,2,1,0,True
502,1,0,0,1,0,True
503,0,0,2,0,0,True
504,1,0,2,1,1,False
505,1,0,0,1,0,True
506,0,0,0,0,0,True
507,1,0,0,1,0,True
508,0,0,0,1,1,False
509,0,0,0,1,1,False
510,0,0,2,0,1,False
511,1,0,0,1,1,False
512,0,0,0,0,0,True
513,1,0,0,0,1,False
514,1,0,0,0,1,False
515,0,1,0,0,0,False
516,1,0,0,0,1,False
517,1,0,0,1,0,True
518,0,1,2,0,1,True
519,0,0,0,0,1,False
520,1,0,0,1,0,True
521,1,0,0,1,0,True
522,1,0,0,0,1,False
523,0,0,0,0,1,False
524,0,0,0,0,0,True
525,1,0,0,1,1,False
526,1,0,2,1,0,True
527,0,0,2,0,1,False
528,0,0,2,0,1,False
529,0,1,0,1,0,False
530,1,0,0,1,0,True
531,1,0,0,1,1,False
532,0,0,0,0,0,True
533,1,0,0,1,0,True
534,0,0,2,0,1,False
535,0,0,0,0,0,True
536,0,0,2,0,0,True
537,1,0,0,0,1,False
538,1,0,0,1,1,False
539,1,0,0,0,1,False
540,0,0,0,0,1,False
541,1,0,0,1,0,True
542,1,0,0,0,1,False
543,0,0,0,0,1,False
544,1,0,0,1,0,True
545,1,0,0,1,1,False
546,0,1,2,0,1,True
547,1,0,0,0,1,False
548,0,0,0,0,0,True
549,1,0,0,1,0,True
550,1,0,2,1,0,True
551,1,0,0,1,0,True
552,1,0,0,1,0,True
553,0,1,0,1,0,False
554,1,0,2,0,1,False
555,1,0,2,1,1,False
556,0,1,0,0,1,True
557,0,0,0,1,1,False
558,0,0,2,0,0,True
559,0,0,0,0,0,True
560,1,0,2,0,1,False
561,1,0,2,0,1,False
562,0,0,0,1,1,False
563,0,0,0,0,0,True
564,0,0,2,0,1,False
565,1,0,0,1,1,False
566,1,0,0,1,0,True
567,0,0,0,1,1,False
568,0,1,2,0,0,False
569,0,0,0,0,0,True
570,1,0,0,1,0,True
571,0,0,0,0,0,True
572,1,0,0,0,1,False
573,0,0,0,0,1,False
574,1,0,2,1,0,True
575,0,0,0,0,0,True
576,0,1,0,0,0,False
577,1,0,2,1,1,False
578,0,0,0,0,0,True
579,1,0,0,1,0,True
580,1,0,0,1,0,True
581,0,1,2,0,1,True
582,1,0,0,1,0,True
583,0,0,0,0,0,True
584,0,0,0,1,1,False
585,1,0,2,1,1,False
586,0,0,2,0,1,False
587,0,0,0,0,1,False
588,0,1,0,0,1,True
589,0,0,0,0,1,False
590,1,0,0,1,0,True
591,0,0,0,1,1,False
592,0,1,0,0,1,True
593,0,0,0,0,0,True
594,0,0,0,0,1,False
595,0,0,0,0,1,False
596,0,0,0,0,1,False
597,0,0,2,0,1,False
598,1,0,2,1,0,True
599,0,0,0,1,1,False
600,0,0,2,0,0,True
601,1,0,0,1,0,True
602,0,0,2,0,0,True
603,0,0,0,0,0,True
604,0,0,2,0,1,False
605,0,0,0,0,0,True
606,1,0,0,1,0,True
607,0,1,2,0,1,True
608,1,0,0,0,1,False
609,0,0,0,0,0,True
610,1,0,0,0,1,False
611,1,0,0,1,0,True
612,0,0,2,0,0,True
613,1,0,0,0,1,False
614,0,1,0,0,1,True
615,1,0,2,1,0,True
616,1,0,0,1,0,True
617,1,0,2,1,0,True
618,1,0,0,1,0,True
619,0,0,0,0,0,True
620,0,1,0,0,1,True
621,1,0,0,1,0,True
622,1,0,2,1,0,True
623,0,0,2,0,0,True
624,0,0,2,0,0,True
625,0,0,0,0,0,True
626,1,0,0,1,1,False
627,1,0,0,1,1,False
628,1,0,0,1,1,False
629,0,0,0,0,1,False
630,0,0,0,0,0,True
631,0,0,0,0,0,True
632,0,1,0,1,0,False
633,1,0,0,0,1,False
634,0,0,0,1,1,False
635,1,0,0,1,0,True
636,1,0,0,1,0,True
637,0,0,0,0,1,False
638,1,0,2,1,0,True
639,1,0,0,1,0,True
640,0,0,0,0,0,True
641,0,1,0,0,1,True
642,0,0,0,0,0,True
643,1,0,0,1,0,True
644,1,0,2,1,1,False
645,0,1,2,1,0,False
646,1,0,0,1,1,False
647,1,0,0,0,1,False
648,0,0,0,0,0,True
649,0,1,0,0,1,True
650,0,0,0,0,1,False
651,0,0,0,0,0,True
652,1,0,0,1,1,False
653,0,0,0,0,1,False
654,1,0,0,1,0,True
655,0,0,2,0,1,False
656,1,0,0,0,1,False
657,1,0,2,1,1,False
658,0,0,0,1,1,False
659,1,0,0,0,1,False
660,0,0,0,0,0,True
661,1,0,0,1,0,True
662,1,0,0,1,1,False
663,1,0,0,1,0,True
664,1,0,0,1,0,True
665,0,1,0,0,0,False
666,0,0,2,0,0,True
667,1,0,0,1,0,True
668,1,0,0,1,0,True
669,1,0,2,1,0,True
670,0,1,2,1,0,False
671,0,0,2,0,0,True
672,0,0,0,0,0,True
673,1,0,0,1,1,False
674,1,0,0,1,0,True
675,0,0,0,1,1,False
676,0,1,2,0,1,True
677,1,0,2,1,0,True
678,0,0,0,0,0,True
679,1,0,0,0,1,False
680,1,0,0,1,0,True
681,0,0,2,0,1,False
682,1,0,2,1,0,True
683,1,0,2,1,1,False
684,1,0,0,0,1,False
685,1,0,0,1,0,True
686,1,0,0,1,1,False
687,1,0,2,1,0,True
688,1,0,0,1,0,True
689,1,0,0,1,0,True
690,1,0,0,1,0,True
691,0,0,0,1,1,False
692,1,0,0,1,0,True
693,0,0,2,0,0,True
694,0,0,0,0,0,True
695,0,0,0,0,0,True
696,0,0,0,0,1,False
697,0,1,0,0,1,True
698,1,0,0,1,0,True
699,0,0,0,1,1,False
700,0,1,0,0,1,True
701,0,0,2,1,1,False
702,0,0,0,0,0,True
703,1,0,0,1,1,False
704,1,0,2,0,1,False
705,1,0,0,1,0,True
706,0,0,0,0,1,False
707,1,0,0,1,1,False
708,0,0,0,0,0,True
709,1,0,0,1,0,True
710,0,0,0,0,0,True
711,1,0,2,1,0,True
712,0,0,0,0,0,True
713,0,0,0,0,0,True
714,1,0,0,1,0,True
715,0,0,0,0,0,True
716,1,0,0,1,0,True
717,0,0,2,0,1,False
718,1,0,0,1,1,False
719,1,0,0,1,0,True
720,0,0,0,0,0,True
721,1,0,2,1,0,True
722,0,0,0,1,1,False
723,0,0,0,0,1,False
724,1,0,0,1,0,True
725,1,0,0,0,1,False
726,1,0,0,1,0,True
727,0,0,0,0,0,True
728,0,1,0,0,1,True
729,1,0,2,1,1,False
730,0,0,0,0,0,True
731,0,0,0,1,1,False
732,1,0,0,0,1,False
733,0,0,0,0,0,True
734,1,0,2,1,0,True
735,0,1,0,1,0,False
736,1,0,0,1,0,True
737,0,0,0,0,0,True
738,1,0,0,1,0,True
739,0,1,0,0,0,False
740,0,1,2,1,0,False
741,1,0,2,0,1,False
742,1,0,0,1,1,False
743,1,0,0,1,0,True
744,1,0,0,0,1,False
745,0,0,2,1,1,False
746,0,0,2,0,1,False
747,1,0,0,1,0,True
748,0,0,0,1,1,False
749,0,0,0,1,1,False
750,0,1,0,1,0,False
751,1,0,0,0,1,False
752,0,0,2,0,1,False
753,0,0,0,0,0,True
754,1,0,0,1,0,True
755,1,0,0,1,0,True
756,0,0,0,0,0,True
757,1,0,0,1,0,True
758,0,0,0,0,1,False
759,0,0,0,0,0,True
760,1,0,2,1,0,True
761,1,0,2,1,0,True
762,0,0,2,1,1,False
763,0,1,2,0,0,False
764,0,0,2,0,0,True
765,0,0,0,0,0,True
766,0,0,2,0,1,False
767,1,0,0,1,0,True
768,0,0,0,0,0,True
769,1,0,0,1,0,True
770,0,0,0,0,1,False
771,1,0,0,1,0,True
772,0,1,0,0,0,False
773,1,0,0,1,0,True
774,0,0,0,0,0,True
775,0,0,2,0,1,False
776,0,0,2,0,1,False
777,0,0,0,0,1,False
778,1,0,0,1,0,True
779,0,0,0,0,0,True
780,1,0,2,1,0,True
781,0,0,0,1,1,False
782,0,0,0,1,1,False
783,0,0,0,0,1,False
784,0,0,0,1,1,False
785,0,0,0,0,0,True
786,1,0,0,1,0,True
787,0,0,0,1,1,False
788,1,0,0,0,1,False
789,1,0,0,1,0,True
790,0,0,2,0,0,True
791,1,0,2,0,1,False
792,1,0,0,1,0,True
793,1,0,2,1,0,True
794,0,0,0,0,0,True
795,0,0,0,0,0,True
796,1,0,0,1,0,True
797,0,0,2,1,1,False
798,0,0,0,0,0,True
799,1,0,0,1,0,True
800,0,0,2,0,0,True
801,0,0,0,0,0,True
802,0,0,0,0,0,True
803,0,0,0,0,1,False
804,1,0,0,0,1,False
805,0,0,0,0,1,False
806,1,0,0,1,0,True
807,1,0,0,1,0,True
808,1,0,0,1,0,True
809,1,0,0,1,0,True
810,1,0,2,1,0,True
811,0,0,0,0,0,True
812,1,0,0,1,0,True
813,0,1,2,0,1,True
814,0,0,0,1,1,False
815,0,0,0,1,1,False
816,0,0,0,0,1,False
817,1,0,0,1,0,True
818,0,0,0,0,1,False
819,1,0,0,1,1,False
820,0,0,0,0,0,True
821,1,0,0,1,0,True
822,1,0,0,1,1,False
823,0,0,0,0,0,True
824,1,0,0,1,1,False
825,0,0,2,0,1,False
826,0,0,2,0,0,True
827,0,0,2,0,0,True
828,0,0,0,0,0,True
829,0,0,0,0,1,False
830,0,1,0,1,0,False
831,1,0,0,1,0,True
832,0,1,0,0,1,True
833,0,0,0,0,0,True
834,1,0,0,0,1,False
835,1,0,2,0,1,False
836,1,0,0,1,0,True
837,0,0,0,1,1,False
838,0,0,0,0,0,True
839,1,0,0,1,0,True
840,1,0,0,1,0,True
841,1,0,2,1,0,True
842,1,0,0,1,0,True
843,0,1,0,0,1,True
844,0,0,0,0,1,False
845,0,0,0,0,1,False
846,0,0,0,0,0,True
847,1,0,2,1,0,True
848,0,0,2,1,1,False
849,1,0,0,1,0,True
850,1,0,0,1,0,True
851,1,0,0,1,1,False
852,1,0,0,1,0,True
853,0,0,0,0,0,True
854,1,0,0,1,1,False
855,1,0,0,1,1,False
856,1,0,0,1,0,True
857,0,1,0,1,0,False
858,0,1,2,1,0,False
859,1,0,2,1,0,True
860,0,1,0,1,0,False
861,1,0,0,1,0,True
862,1,0,2,0,1,False
863,1,0,2,0,1,False
864,1,0,0,1,0,True
865,1,0,0,1,0,True
866,0,0,2,0,0,True
867,0,0,0,1,1,False
868,1,0,0,1,0,True
869,1,0,0,1,1,False
870,1,0,0,0,1,False
871,0,1,0,0,1,True
872,0,0,2,0,1,False
873,0,0,2,0,0,True
874,0,1,2,0,1,True
875,0,0,0,0,1,False
876,0,0,0,0,1,False
877,0,0,0,0,0,True
878,1,0,0,1,0,True
879,0,1,0,0,0,False
880,1,0,2,1,0,True
881,0,0,2,0,0,True
882,1,0,0,0,1,False
883,1,0,0,0,1,False
884,0,0,2,0,1,False
885,1,0,0,1,0,True
886,0,0,0,0,0,True
887,0,0,2,0,1,False
888,1,0,0,1,1,False
889,0,0,0,0,1,False
890,0,0,0,0,0,True
891,1,0,0,1,0,True
892,0,0,2,1,1,False
893,1,0,0,1,0,True
894,0,1,0,0,1,True
895,0,1,0,0,0,False
896,1,0,0,1,1,False
897,0,0,2,0,1,False
898,0,0,2,0,0,True
899,1,0,0,1,1,False
900,1,0,0,1,0,True
901,0,0,0,0,1,False
902,1,0,0,1,0,True
903,1,0,2,1,0,True
904,0,0,0,0,0,True
905,1,0,0,1,0,True
906,0,0,0,0,1,False
907,1,0,0,1,0,True
908,1,0,0,1,0,True
909,0,0,0,0,0,True
910,1,0,2,0,1,False
911,1,0,2,1,0,True
912,1,0,0,1,0,True
913,0,1,0,1,0,False
914,1,0,0,1,0,True
915,0,0,0,0,0,True
916,0,1,2,0,0,False
917,1,0,0,0,1,False
918,0,0,0,0,0,True
919,0,1,0,0,1,True
920,0,0,2,1,1,False
921,0,0,0,0,0,True
922,0,0,0,0,1,False
923,0,0,0,1,1,False
924,1,0,0,1,0,True
925,0,0,2,0,1,False
926,1,0,0,1,0,True
927,0,0,0,0,0,True
928,0,1,0,1,0,False
929,0,1,0,0,1,True
930,0,0,0,0,1,False
931,1,0,0,1,1,False
932,0,0,0,0,0,True
933,1,0,2,1,0,True
934,0,0,0,0,1,False
935,1,0,0,1,0,True
936,1,0,2,1,0,True
937,1,0,0,1,0,True
938,1,0,2,0,1,False
939,0,0,0,0,0,True
940,0,0,0,0,0,True
941,0,1,0,0,1,True
942,1,0,0,1,1,False
943,0,0,0,0,0,True
944,1,0,0,1,0,True
945,0,1,2,0,1,True
946,0,0,0,1,1,False
947,0,0,0,1,1,False
948,0,0,2,0,0,True
949,0,1,2,0,1,True
950,1,0,0,1,0,True
951,1,0,0,1,1,False
952,0,0,0,0,0,True
953,1,0,0,1,0,True
954,1,0,0,1,0,True
955,1,0,0,1,0,True
956,1,0,0,1,0,True
957,0,0,2,0,0,True
958,0,0,2,0,1,False
959,1,0,2,1,0,True
960,0,1,2,0,1,True
961,0,1,0,1,0,False
962,1,0,0,1,1,False
963,0,0,0,1,1,False
964,0,0,2,0,0,True
965,1,0,2,1,0,True
966,0,0,0,1,1,False
967,1,0,2,0,1,False
968,1,0,2,1,1,False
969,0,0,0,0,0,True
970,0,0,0,0,0,True
971,0,0,0,0,1,False
972,1,0,0,0,0,True
973,0,0,0,0,0,True
974,0,1,0,1,0,False
975,0,0,0,0,0,True
976,1,0,0,0,1,False
977,0,0,0,0,0,True
978,0,0,0,1,1,False
979,1,0,0,1,1,False
980,0,0,0,0,0,True
981,1,0,0,1,0,True
982,1,0,0,0,1,False
983,1,0,2,1,0,True
984,0,0,0,1,1,False
985,1,0,0,1,0,True
986,0,1,0,1,0,False
987,0,0,0,0,0,True
988,0,0,0,0,1,False
989,1,0,2,0,1,False
990,0,0,0,0,0,True
991,0,0,0,1,1,False
992,1,0,2,1,0,True
993,0,0,0,1,1,False
994,0,0,2,0,1,False
995,1,0,0,1,0,True
996,0,0,0,0,0,True
997,1,0,0,1,0,True
998,1,0,2,1,0,True
999,0,1,2,1,0,False
1000,0,1,0,1,0,False
1001,1,0,0,1,1,False
1002,1,0,2,1,0,True
1003,1,0,0,0,1,False
1004,1,0,2,1,0,True
1005,0,0,0,0,0,True
1006,0,0,0,0,0,True
1007,1,0,0,1,1,False
1008,0,0,0,0,1,False
1009,0,1,0,1,0,False
1010,1,0,0,0,1,False
1011,1,0,2,1,1,False
1012,1,0,0,1,1,False
1013,0,1,2,0,0,False
1014,0,0,2,0,0,True
1015,0,0,0,0,0,True
1016,0,1,0,0,1,True
1017,1,0,0,1,0,True
1018,0,0,0,1,1,False
1019,0,1,0,1,0,False
1020,1,0,2,1,0,True
1021,0,0,0,0,0,True
1022,0,0,0,0,0,True
1023,0,0,0,0,1,False
1024,1,0,0,0,1,False
1025,1,0,0,1,0,True
1026,0,0,0,0,0,True
1027,0,1,2,0,1,True
1028,0,0,2,0,1,False
1029,1,0,0,0,1,False
1030,0,0,0,1,1,False
1031,0,0,0,0,0,True
1032,0,0,0,0,0,True
1033,0,0,0,0,1,False
1034,0,0,2,0,0,True
1035,0,0,0,0,0,True
1036,1,0,0,0,1,False
1037,0,0,2,0,0,True
1038,1,0,0,0,1,False
1039,1,0,0,1,0,True
1040,1,0,0,0,1,False
1041,1,0,0,1,0,True
1042,1,0,0,0,1,False
1043,0,0,0,0,1,False
1044,1,0,0,1,1,False
1045,0,1,0,0,1,True
1046,1,0,2,1,1,False
1047,1,0,0,1,0,True
1048,0,0,0,0,1,False
1049,0,0,0,0,0,True
1050,1,0,0,0,1,False
1051,1,0,0,1,1,False
1052,0,0,0,0,0,True
1053,0,0,0,0,0,True
1054,0,0,0,0,1,False
1055,0,0,0,0,0,True
1056,0,0,0,0,0,True
1057,0,1,0,0,1,True
1058,0,0,0,1,1,False
1059,1,0,0,0,1,False
1060,0,0,2,0,1,False
1061,1,0,0,1,0,True
1062,1,0,0,1,0,True
1063,0,1,2,0,0,False
1064,1,0,2,1,0,True
1065,0,0,0,0,1,False
1066,0,0,0,0,1,False
1067,0,0,0,0,0,True
1068,1,0,0,0,1,False
1069,1,0,0,1,0,True
1070,0,1,2,0,0,False
1071,1,0,2,0,1,False
1072,1,0,0,1,1,False
1073,0,0,2,0,0,True
1074,1,0,0,1,0,True
1075,1,0,0,1,0,True
1076,0,0,0,1,1,False
1077,0,0,0,0,0,True
1078,1,0,0,1,0,True
1079,0,0,0,1,1,False
1080,1,0,2,1,0,True
1081,0,0,0,0,0,True
1082,1,0,0,1,0,True
1083,0,0,0,0,1,False
1084,1,0,2,1,0,True
1085,1,0,0,1,0,True
1086,0,0,0,0,0,True
1087,0,0,0,1,1,False
1088,0,0,0,0,1,False
1089,0,0,2,1,1,False
1090,0,0,0,0,0,True
1091,0,0,0,1,1,False
1092,0,1,2,0,1,True
1093,0,0,0,0,0,True
1094,1,0,0,0,1,False
1095,0,1,0,1,0,False
1096,0,0,0,0,0,True
1097,0,1,0,1,0,False
1098,1,0,0,1,1,False
1099,0,0,0,0,0,True
1100,1,0,0,1,0,True
1101,1,0,0,1,0,True
1102,0,0,2,1,1,False
1103,1,0,2,1,0,True
1104,1,0,0,1,0,True
1105,0,0,0,0,0,True
1106,0,0,0,0,1,False
1107,0,0,0,0,0,True
1108,1,0,0,1,1,False
1109,0,0,0,0,1,False
1110,0,0,0,0,1,False
1111,1,0,0,1,1,False
1112,1,0,0,0,1,False
1113,0,0,2,0,0,True
1114,0,0,0,0,0,True
1115,1,0,0,1,1,False
1116,0,0,0,0,0,True
1117,1,0,0,1,0,True
1118,0,1,0,1,0,False
1119,1,0,0,1,0,True
1120,1,0,0,1,1,False
1121,1,0,0,1,0,True
1122,0,1,2,1,0,False
1123,1,0,0,1,0,True
1124,1,0,0,1,1,False
1125,0,0,0,0,1,False
1126,0,0,2,0,1,False
1127,0,0,0,0,0,True
1128,1,0,0,1,0,True
1129,0,1,0,0,1,True
1130,0,0,0,0,0,True
1131,0,0,0,0,0,True
1132,0,0,0,0,1,False
1133,1,0,2,0,1,False
1134,1,0,0,1,0,True
1135,0,0,2,0,0,True
1136,1,0,2,0,1,False
1137,1,0,0,1,0,True
1138,0,0,0,1,1,False
1139,0,0,0,1,1,False
1140,1,0,0,1,1,False
1141,1,0,0,1,0,True
1142,1,0,0,1,1,False
1143,0,0,0,0,1,False
1144,1,0,0,1,0,True
1145,1,0,0,1,0,True
1146,0,1,0,1,0,False
1147,1,0,0,1,1,False
1148,1,0,0,0,1,False
1149,0,0,0,1,1,False
1150,0,0,2,1,1,False
1151,1,0,0,1,0,True
1152,1,0,0,1,0,True
1153,1,0,0,1,0,True
1154,0,0,0,0,0,True
1155,0,0,0,0,0,True
1156,0,0,0,0,0,True
1157,1,0,0,1,0,True
1158,1,0,0,1,1,False
1159,0,0,0,0,0,True
1160,1,0,2,1,0,True
1161,1,0,0,1,0,True
1162,1,0,0,1,0,True
1163,0,0,0,0,0,True
1164,1,0,0,1,0,True
1165,0,0,0,0,0,True
1166,0,0,0,0,1,False
1167,0,1,2,1,0,False
1168,0,0,0,0,0,True
1169,1,0,0,1,0,True
1170,1,0,2,1,1,False
1171,0,0,2,0,1,False
1172,1,0,0,0,1,False
1173,0,0,0,1,1,False
1174,0,0,0,0,0,True
1175,1,0,0,1,0,True
1176,1,0,0,1,0,True
1177,1,0,0,1,0,True
1178,0,0,0,0,1,False
1179,1,0,0,1,0,True
1180,0,0,0,0,0,True
1181,1,0,2,1,0,True
1182,1,0,0,1,0,True
1183,1,0,2,1,0,True
1184,0,0,0,0,0,True
1185,0,1,0,0,0,False
1186,1,0,2,1,0,True
1187,0,0,0,1,1,False
1188,1,0,0,1,0,True
1189,0,0,0,0,1,False
1190,0,0,0,0,1,False
1191,0,0,0,0,0,True
1192,0,0,0,0,1,False
1193,1,0,0,0,1,False
1194,1,0,0,1,0,True
1195,0,0,0,0,1,False
1196,0,0,2,0,0,True
1197,0,0,0,0,0,True
1198,1,0,0,1,0,True
1199,0,0,2,1,1,False
1200,0,0,0,0,0,True
1201,1,0,0,1,0,True
1202,1,0,0,1,0,True
1203,0,0,0,0,0,True
1204,1,0,0,1,0,True
1205,0,0,0,0,0,True
1206,1,0,0,0,1,False
1207,0,0,0,0,1,False
1208,1,0,0,1,0,True
1209,0,0,0,0,0,True
1210,0,0,0,0,0,True
1211,1,0,2,1,0,True
1212,0,0,0,0,0,True
1213,1,0,0,1,1,False
1214,1,0,0,0,1,False
1215,0,0,0,1,1,False
1216,0,0,0,0,0,True
1217,0,1,0,1,0,False
1218,1,0,0,0,1,False
1219,1,0,0,1,0,True
1220,1,0,0,1,1,False
1221,1,0,2,1,1,False
1222,1,0,2,1,0,True
1223,0,0,0,0,0,True
1224,1,0,0,1,1,False
1225,1,0,0,1,0,True
1226,0,0,0,0,0,True
1227,1,0,2,1,0,True
1228,0,0,0,0,0,True
1229,0,0,0,0,0,True
1230,1,0,0,1,0,True
1231,1,0,2,0,1,False
1232,1,0,0,1,0,True
1233,0,0,0,0,0,True
1234,1,0,0,0,1,False
1235,0,0,2,1,0,True
1236,0,0,0,0,0,True
1237,1,0,0,0,1,False
1238,0,0,0,1,1,False
1239,1,0,0,0,1,False
1240,1,0,0,1,0,True
1241,1,0,0,1,0,True
1242,0,0,0,0,1,False
1243,0,0,0,0,0,True
1244,0,0,0,1,1,False
1245,0,0,0,0,0,True
1246,0,0,0,1,1,False
1247,1,0,0,0,1,False
1248,1,0,0,1,0,True
1249,1,0,2,1,1,False
1250,1,0,0,1,1,False
1251,0,0,0,0,1,False
1252,1,0,0,1,0,True
1253,1,0,2,1,0,True
1254,1,0,0,0,1,False
1255,0,0,0,1,1,False
1256,0,0,2,0,0,True
1257,1,0,0,1,0,True
1258,0,0,2,0,0,True
1259,1,0,0,1,0,True
1260,1,0,0,1,1,False
1261,1,0,2,1,1,False
1262,0,0,0,0,0,True
1263,0,0,0,0,0,True
1264,1,0,0,1,0,True
1265,1,0,0,1,0,True
1266,0,0,0,0,1,False
1267,0,0,0,0,0,True
1268,0,0,0,0,0,True
1269,1,0,0,1,1,False
1270,1,0,0,1,1,False
1271,1,0,0,1,0,True
1272,1,0,0,1,0,True
1273,0,0,0,0,1,False
1274,1,0,0,0,1,False
1275,1,0,0,1,1,False
1276,0,0,0,0,1,False
1277,0,0,0,0,0,True
1278,0,1,0,1,0,False
1279,0,0,0,0,1,False
1280,1,0,2,1,1,False
1281,0,0,0,0,1,False
1282,1,0,2,1,0,True
1283,0,1,0,0,1,True
1284,0,0,0,0,1,False
1285,0,0,2,1,1,False
1286,1,0,2,1,1,False
1287,1,0,2,1,0,True
1288,1,0,0,0,1,False
1289,0,1,0,0,1,True
1290,1,0,0,1,1,False
1291,0,0,0,0,0,True
1292,0,0,0,0,1,False
1293,1,0,0,1,1,False
1294,0,0,0,0,0,True
1295,1,0,0,1,0,True
1296,0,0,0,0,0,True
1297,1,0,2,0,1,False
1298,0,0,2,0,0,True
1299,1,0,0,1,0,True
1300,1,0,0,0,1,False
1301,0,0,0,1,1,False
1302,0,0,2,0,1,False
1303,0,0,0,0,0,True
1304,0,0,0,0,0,True
1305,0,1,0,0,0,False
1306,0,0,0,0,0,True
1307,0,0,0,0,0,True
1308,1,0,0,1,0,True
1309,1,0,0,1,0,True
1310,0,0,0,0,1,False
1311,1,0,0,1,0,True
1312,1,0,0,1,0,True
1313,0,0,0,0,0,True
1314,1,0,0,1,0,True
1315,0,0,0,0,0,True
1316,1,0,0,1,0,True
1317,1,0,0,1,0,True
1318,0,0,0,0,1,False
1319,0,0,0,0,1,False
1320,0,1,0,1,0,False
1321,1,0,0,1,0,True
1322,0,0,2,1,1,False
1323,1,0,2,0,1,False
1324,0,0,0,1,1,False
1325,0,0,0,0,1,False
1326,1,0,2,1,1,False
1327,0,0,2,1,1,False
1328,0,0,0,0,1,False
1329,0,0,0,0,0,True
1330,1,0,0,1,1,False
1331,0,1,0,0,1,True
1332,1,0,0,1,0,True
1333,0,0,0,0,0,True
1334,0,1,0,0,1,True
1335,1,0,2,0,1,False
1336,0,0,0,0,1,False
1337,0,0,2,0,0,True
1338,0,0,2,0,0,True
1339,0,0,0,0,1,False
1340,0,0,0,0,0,True
1341,0,0,2,0,0,True
1342,1,0,2,1,0,True
1343,1,0,0,1,0,True
1344,0,1,0,0,1,True
1345,1,0,2,1,0,True
1346,1,0,0,1,0,True
1347,0,0,2,0,0,True
1348,0,1,0,1,0,False
1349,0,0,0,0,0,True
1350,0,0,0,0,0,True
1351,1,0,2,1,0,True
1352,0,0,0,0,0,True
1353,1,0,0,1,1,False
1354,1,0,2,1,0,True
1355,1,0,0,1,0,True
1356,0,0,2,0,0,True
1357,0,1,0,1,0,False
1358,1,0,0,1,0,True
1359,1,0,0,0,1,False
1360,0,0,0,1,1,False
1361,1,0,2,1,1,False
1362,1,0,2,1,0,True
1363,1,0,0,1,0,True
1364,1,0,0,0,1,False
1365,0,0,2,1,1,False
1366,0,0,0,1,1,False
1367,1,0,0,1,1,False
1368,0,0,0,0,0,True
1369,0,0,0,0,1,False
1370,0,0,2,0,0,True
1371,1,0,2,0,1,False
1372,1,0,0,1,0,True
1373,0,1,2,1,0,False
1374,1,0,2,1,0,True
1375,0,1,0,1,0,False
1376,1,0,0,1,1,False
1377,0,0,0,0,0,True
1378,0,0,0,0,0,True
1379,0,0,0,0,1,False
1380,1,0,0,1,0,True
1381,1,0,0,1,0,True
1382,0,1,0,0,0,False
1383,1,0,2,1,0,True
1384,0,0,0,0,0,True
1385,1,0,0,1,1,False
1386,1,0,0,1,1,False
1387,1,0,0,1,0,True
1388,1,0,0,1,0,True
1389,1,0,0,1,1,False
1390,1,0,0,1,1,False
1391,0,0,0,0,0,True
1392,0,0,0,1,1,False
1393,1,0,0,1,0,True
1394,0,0,0,0,0,True
1395,0,1,0,0,1,True
1396,1,0,0,1,0,True
1397,0,0,0,0,0,True
1398,1,0,0,1,0,True
1399,0,0,0,0,0,True
1400,0,0,0,1,1,False
1401,1,0,0,1,0,True
1402,1,0,0,0,1,False
1403,0,0,0,1,1,False
1404,0,0,0,0,0,True
1405,1,0,0,1,0,True
1406,0,0,0,1,1,False
1407,0,0,0,0,1,False
1408,1,0,0,1,1,False
1409,0,0,2,0,0,True
1410,1,0,0,1,1,False
1411,0,0,0,1,1,False
1412,1,0,2,1,1,False
1413,1,0,0,0,1,False
1414,0,0,0,1,1,False
1415,0,0,0,0,0,True
1416,1,0,0,1,1,False
1417,0,1,0,0,1,True
1418,0,0,2,0,0,True
1419,0,0,0,0,1,False
1420,0,1,0,0,1,True
1421,1,0,0,0,1,False
1422,0,0,0,0,0,True
1423,1,0,0,1,0,True
1424,0,0,2,0,0,True
1425,0,0,0,0,1,False
1426,1,0,0,1,1,False
1427,0,1,2,0,0,False
1428,1,0,2,1,0,True
1429,1,0,0,1,0,True
1430,1,0,2,1,0,True
1431,1,0,0,1,0,True
1432,1,0,0,1,0,True
1433,0,0,0,0,1,False
1434,0,0,0,0,1,False
1435,0,0,0,0,0,True
1436,1,0,2,1,0,True
1437,0,0,0,1,1,False
1438,1,0,0,1,1,False
1439,0,0,2,1,1,False
1440,0,0,0,1,1,False
1441,1,0,0,1,0,True
1442,0,0,2,0,0,True
1443,0,0,2,0,0,True
1444,1,0,0,1,1,False
1445,1,0,0,1,0,True
1446,0,1,0,1,0,False
1447,1,0,0,1,1,False
1448,0,1,0,0,1,True
1449,1,0,0,0,1,False
1450,1,0,0,1,1,False
1451,0,0,0,0,1,False
1452,1,0,0,1,0,True
1453,0,0,0,0,0,True
1454,1,0,2,1,0,True
1455,1,0,2,1,1,False
1456,0,0,0,0,1,False
1457,0,0,0,0,0,True
1458,0,0,0,0,0,True
1459,0,0,0,0,1,False
1460,1,0,0,1,0,True
1461,0,0,0,1,1,False
1462,0,1,2,1,0,False
1463,0,0,2,0,1,False
1464,1,0,0,1,1,False
1465,1,0,2,1,0,True
1466,0,1,0,1,0,False
1467,0,0,2,0,0,True
1468,0,1,0,0,0,False
1469,0,0,2,0,0,True
1470,1,0,2,1,0,True
1471,1,0,0,0,1,False
1472,1,0,0,1,0,True
1473,1,0,0,1,0,True
1474,1,0,0,0,1,False
1475,1,0,0,1,0,True
1476,1,0,2,1,0,True
1477,0,0,2,0,0,True
1478,1,0,0,1,1,False
1479,1,0,0,1,1,False
1480,0,0,0,0,1,False
1481,0,0,0,0,1,False
1482,1,0,0,0,1,False
1483,0,0,0,0,0,True
1484,1,0,0,1,0,True
1485,1,0,0,1,1,False
1486,0,1,0,0,1,True
1487,1,0,0,0,1,False
1488,0,0,0,0,1,False
1489,0,0,0,0,0,True
1490,0,0,0,0,0,True
1491,1,0,0,1,0,True
1492,0,0,0,0,0,True
1493,0,0,0,1,1,False
1494,1,0,0,1,0,True
1495,1,0,0,1,0,True
1496,0,0,0,1,1,False
1497,1,0,0,0,1,False
1498,0,0,0,0,1,False
1499,1,0,2,1,0,True
1500,0,0,0,0,1,False
1501,0,0,0,0,0,True
1502,1,0,2,1,0,True
1503,1,0,0,1,0,True
1504,0,0,2,0,0,True
1505,1,0,0,1,1,False
1506,1,0,0,1,0,True
1507,1,0,0,1,0,True
1508,0,0,0,0,1,False
1509,1,0,0,1,0,True
1510,0,0,0,0,0,True
1511,0,0,2,0,0,True
1512,1,0,0,0,1,False
1513,1,0,0,1,1,False
1514,1,0,0,1,0,True
1515,1,0,0,0,1,False
1516,0,0,2,1,1,False
1517,0,1,0,0,1,True
1518,1,0,0,1,0,True
1519,0,0,0,0,1,False
1520,1,0,0,1,0,True
1521,0,0,0,0,1,False
1522,1,0,0,0,1,False
1523,1,0,0,1,0,True
1524,1,0,0,1,0,True
1525,1,0,0,1,0,True
1526,1,0,0,1,1,False
1527,0,0,0,0,0,True
1528,1,0,0,1,1,False
1529,1,0,0,1,0,True
1530,1,0,0,1,0,True
1531,1,0,0,0,1,False
1532,1,0,2,1,0,True
1533,1,0,0,1,0,True
1534,1,0,0,1,0,True
1535,0,0,0,0,0,True
1536,0,0,2,0,1,False
1537,0,0,0,1,1,False
1538,1,0,0,1,0,True
1539,1,0,2,1,0,True
1540,1,0,0,1,0,True
1541,1,0,0,1,1,False
1542,1,0,0,1,0,True
1543,1,0,0,0,1,False
1544,1,0,0,1,0,True
1545,0,0,2,1,1,False
1546,0,1,0,1,0,False
1547,1,0,2,1,0,True
1548,0,0,0,0,0,True
1549,0,0,0,1,1,False
1550,0,0,2,1,1,False
1551,0,0,0,0,1,False
1552,1,0,0,1,0,True
1553,0,0,0,0,1,False
1554,1,0,0,1,0,True
1555,1,0,0,1,1,False
1556,0,0,0,0,0,True
1557,1,0,2,1,0,True
1558,0,0,0,0,0,True
1559,0,0,0,0,1,False
1560,1,0,0,1,0,True
1561,1,0,0,1,0,True
1562,0,1,0,0,0,False
1563,0,0,0,0,1,False
1564,0,0,0,0,0,True
1565,0,0,2,0,1,False
1566,0,0,2,0,1,False
1567,0,0,0,0,1,False
1568,0,0,0,0,0,True
1569,0,0,0,0,1,False
1570,1,0,0,1,0,True
1571,0,0,0,0,1,False
1572,0,1,0,1,0,False
1573,1,0,0,1,0,True
1574,1,0,0,0,1,False
1575,1,0,0,0,1,False
1576,0,0,0,0,1,False
1577,0,0,2,0,1,False
1578,1,0,2,1,0,True
1579,1,0,0,1,1,False
1580,1,0,0,1,0,True
1581,0,1,0,0,1,True
1582,1,0,0,1,1,False
1583,0,1,0,1,0,False
1584,1,0,0,1,0,True
1585,0,0,0,0,1,False
1586,0,0,2,0,0,True
1587,0,0,0,0,0,True
1588,1,0,0,1,1,False
1589,0,1,0,1,0,False
1590,0,1,0,1,0,False
1591,1,0,2,1,0,True
1592,1,0,0,1,0,True
1593,0,0,0,1,1,False
1594,0,0,0,0,0,True
1595,1,0,0,0,1,False
1596,1,0,2,0,1,False
1597,1,0,0,1,0,True
1598,0,0,0,1,1,False
1599,0,1,0,0,1,True
1600,0,0,2,1,1,False
1601,0,0,0,0,0,True
1602,1,0,0,1,0,True
1603,1,0,0,1,0,True
1604,0,0,0,0,1,False
1605,0,0,2,0,0,True
1606,1,0,0,1,0,True
1607,1,0,0,1,0,True
1608,0,1,0,0,1,True
1609,0,1,0,0,1,True
1610,1,0,0,1,0,True
1611,0,0,0,0,0,True
1612,1,0,0,1,0,True
1613,0,0,0,0,0,True
1614,1,0,0,1,0,True
1615,1,0,0,1,1,False
1616,0,0,0,0,1,False
1617,1,0,0,1,0,True
1618,1,0,2,1,1,False
1619,0,0,0,0,1,False
1620,0,0,0,0,0,True
1621,1,0,0,1,0,True
1622,1,0,0,1,0,True
1623,0,0,0,0,0,True
1624,0,1,0,1,0,False
1625,0,0,0,0,0,True
1626,0,0,0,1,1,False
1627,1,0,0,1,0,True
1628,1,0,0,1,0,True
1629,1,0,0,1,0,True
1630,0,0,0,0,0,True
1631,0,0,2,1,1,False
1632,0,0,0,1,1,False
1633,1,0,0,1,0,True
1634,0,0,0,0,0,True
1635,0,0,2,0,0,True
1636,1,0,0,1,0,True
1637,0,0,0,0,1,False
1638,0,1,2,0,1,True
1639,0,0,0,1,1,False
1640,0,1,2,1,0,False
1641,0,1,0,1,0,False
1642,1,0,0,0,1,False
1643,1,0,0,0,1,False
1644,1,0,0,1,0,True
1645,1,0,0,1,1,False
1646,0,1,2,1,0,False
1647,0,0,0,0,1,False
1648,0,0,0,1,1,False
1649,1,0,0,1,0,True
1650,1,0,2,1,0,True
1651,1,0,2,1,1,False
1652,0,0,0,1,1,False
1653,1,0,0,1,0,True
1654,1,0,0,1,0,True
1655,1,0,0,1,0,True
1656,0,0,0,0,1,False
1657,0,0,0,0,0,True
1658,0,0,2,0,0,True
1659,1,0,0,1,0,True
1660,1,0,0,1,0,True
1661,1,0,0,1,0,True
1662,0,0,2,0,1,False
1663,0,1,0,1,0,False
1664,0,0,0,0,0,True
1665,0,0,2,0,0,True
1666,0,0,2,0,0,True
1667,1,0,2,0,1,False
1668,1,0,2,1,0,True
1669,0,0,0,0,0,True
1670,1,0,0,1,0,True
1671,0,0,0,1,1,False
1672,0,0,0,0,0,True
1673,1,0,0,1,0,True
1674,1,0,0,1,0,True
1675,0,0,0,0,0,True
1676,1,0,0,1,1,False
1677,0,0,0,1,1,False
1678,1,0,0,1,0,True
1679,1,0,0,1,1,False
1680,1,0,0,1,1,False
1681,1,0,0,1,1,False
1682,1,0,0,1,0,True
1683,0,0,0,1,1,False
1684,1,0,0,1,0,True
1685,0,1,0,0,1,True
1686,1,0,2,1,0,True
1687,1,0,0,1,0,True
1688,0,0,0,1,1,False
1689,0,0,0,0,0,True
1690,0,1,0,0,0,False
1691,0,1,0,0,0,False
1692,0,0,0,0,1,False
1693,0,1,0,0,0,False
1694,0,0,2,0,0,True
1695,1,0,0,0,1,False
1696,1,0,2,1,1,False
1697,0,0,0,0,0,True
1698,0,0,2,1,1,False
1699,0,0,0,1,1,False
1700,1,0,0,1,0,True
1701,1,0,0,1,0,True
1702,1,0,0,1,1,False
1703,0,0,2,0,1,False
1704,1,0,2,0,1,False
1705,1,0,2,1,0,True
1706,1,0,0,1,0,True
1707,1,0,2,1,1,False
1708,1,0,0,1,0,True
1709,0,0,0,0,0,True
1710,1,0,2,1,0,True
1711,0,0,0,0,0,True
1712,1,0,0,1,0,True
1713,0,0,0,0,0,True
1714,0,0,0,1,1,False
1715,0,0,0,0,0,True
1716,1,0,0,1,1,False
1717,0,0,0,1,1,False
1718,0,0,0,0,1,False
1719,0,0,0,0,0,True
1720,1,0,0,1,0,True
1721,0,0,0,0,0,True
1722,1,0,0,1,1,False
1723,0,0,0,0,0,True
1724,1,0,0,1,0,True
1725,1,0,2,0,1,False
1726,1,0,0,0,1,False
1727,0,1,0,0,0,False
1728,1,0,0,1,0,True
1729,1,0,0,1,0,True
1730,1,0,0,1,1,False
1731,1,0,0,0,1,False
1732,0,1,0,0,1,True
1733,0,0,0,0,1,False
1734,0,0,2,0,0,True
1735,1,0,0,0,1,False
1736,1,0,0,1,0,True
1737,1,0,2,1,0,True
1738,0,1,2,0,0,False
1739,1,0,0,1,1,False
1740,1,0,2,0,1,False
1741,1,0,0,0,1,False
1742,0,0,2,0,1,False
1743,1,0,0,1,0,True
1744,0,0,0,0,0,True
1745,1,0,2,1,0,True
1746,0,0,2,1,1,False
1747,1,0,0,0,1,False
1748,0,0,0,0,0,True
1749,1,0,0,1,0,True
1750,1,0,0,0,1,False
1751,0,0,2,0,0,True
1752,1,0,0,1,0,True
1753,0,0,2,0,1,False
1754,1,0,2,0,1,False
1755,1,0,0,1,0,True
1756,0,0,0,0,1,False
1757,0,0,0,0,0,True
1758,1,0,0,1,0,True
1759,1,0,0,1,0,True
1760,0,1,0,0,0,False
1761,0,0,0,0,0,True
1762,0,0,0,0,0,True
1763,1,0,0,1,1,False
1764,1,0,2,0,1,False
1765,0,0,0,1,1,False
1766,1,0,0,1,0,True
1767,0,0,0,0,0,True
1768,0,0,0,0,0,True
1769,1,0,0,0,1,False
1770,0,0,0,0,0,True
1771,1,0,0,0,1,False
1772,1,0,0,1,1,False
1773,1,0,2,1,0,True
1774,1,0,2,0,1,False
1775,0,0,0,0,0,True
1776,1,0,0,1,0,True
1777,0,0,0,0,1,False
1778,1,0,2,1,0,True
1779,1,0,0,1,0,True
1780,0,0,0,0,0,True
1781,1,0,0,0,1,False
1782,0,1,0,1,0,False
1783,0,0,0,0,0,True
1784,1,0,0,1,1,False
1785,0,0,0,0,1,False
1786,1,0,0,0,1,False
1787,0,0,2,0,0,True
1788,1,0,0,1,0,True
1789,1,0,0,1,0,True
1790,1,0,2,1,0,True
1791,0,0,0,1,1,False
1792,0,0,0,0,0,True
1793,1,0,0,1,0,True
1794,0,0,0,1,1,False
1795,0,0,0,0,0,True
1796,1,0,0,1,0,True
1797,0,0,0,0,0,True
1798,1,0,2,1,0,True
1799,0,0,0,0,0,True
1800,1,0,0,1,1,False
1801,0,0,0,0,0,True
1802,0,0,0,0,1,False
1803,1,0,0,1,0,True
1804,1,0,0,0,1,False
1805,1,0,0,1,0,True
1806,0,1,0,1,0,False
1807,0,0,0,0,0,True
1808,0,1,0,0,1,True
1809,0,0,2,0,1,False
1810,1,0,0,1,0,True
1811,1,0,0,1,0,True
1812,0,0,0,0,0,True
1813,1,0,0,0,1,False
1814,0,0,2,0,0,True
1815,1,0,0,1,0,True
1816,0,0,2,0,0,True
1817,0,0,2,1,1,False
1818,0,1,0,0,1,True
1819,1,0,0,1,0,True
1820,0,0,0,1,1,False
1821,0,0,0,0,1,False
1822,1,0,0,1,1,False
1823,0,1,2,0,0,False
1824,0,0,2,0,1,False
1825,0,0,2,0,0,True
1826,0,0,0,0,1,False
1827,0,0,2,0,1,False
1828,1,0,0,1,0,True
1829,1,0,0,0,1,False
1830,1,0,0,1,0,True
1831,0,0,0,0,0,True
1832,0,0,2,0,0,True
1833,0,1,0,0,1,True
1834,1,0,0,1,0,True
1835,1,0,0,1,0,True
1836,1,0,0,0,1,False
1837,0,0,0,1,1,False
1838,0,0,2,1,1,False
1839,0,1,0,0,0,False
1840,0,0,0,1,1,False
1841,0,0,0,0,0,True
1842,0,0,0,0,1,False
1843,1,0,0,1,0,True
1844,0,1,2,0,1,True
1845,1,0,0,1,0,True
1846,1,0,0,1,0,True
1847,1,0,2,0,1,False
1848,0,1,0,1,0,False
1849,1,0,0,1,0,True
1850,1,0,2,1,0,True
1851,1,0,2,1,0,True
1852,1,0,0,1,0,True
1853,0,1,0,1,0,False
1854,1,0,0,1,0,True
1855,1,0,0,1,0,True
1856,1,0,0,1,0,True
1857,1,0,2,1,0,True
1858,1,0,0,1,0,True
1859,0,1,0,1,0,False
1860,1,0,0,1,0,True
1861,0,0,0,1,1,False
1862,1,0,2,1,0,True
1863,1,0,0,1,0,True
1864,0,1,2,1,0,False
1865,1,0,2,0,1,False
1866,0,0,0,1,1,False
1867,1,0,2,0,1,False
1868,0,0,0,1,1,False
1869,1,0,0,1,1,False
1870,1,0,0,1,1,False
1871,0,0,2,0,0,True
1872,1,0,0,1,0,True
1873,0,1,0,0,1,True
1874,1,0,0,1,0,True
1875,0,0,2,0,1,False
1876,1,0,0,1,0,True
1877,0,1,0,1,0,False
1878,1,0,0,1,0,True
1879,1,0,0,1,0,True
1880,1,0,0,1,0,True
1881,1,0,0,0,1,False
1882,0,0,0,0,1,False
1883,1,0,2,1,0,True
1884,1,0,0,1,0,True
1885,1,0,0,0,1,False
1886,0,0,0,0,0,True
1887,0,0,0,0,0,True
1888,1,0,0,1,0,True
1889,1,0,0,1,0,True
1890,0,0,0,0,0,True
1891,0,0,0,1,1,False
1892,1,0,0,0,1,False
1893,0,0,2,0,0,True
1894,1,0,0,1,0,True
1895,0,0,0,0,1,False
1896,0,0,0,0,0,True
1897,0,0,2,0,1,False
1898,1,0,0,1,1,False
1899,1,0,0,0,1,False
1900,0,0,0,0,0,True
1901,0,0,0,0,0,True
1902,0,0,0,0,0,True
1903,0,0,0,1,1,False
1904,1,0,0,1,1,False
1905,0,0,2,0,1,False
1906,0,1,0,0,1,True
1907,0,1,0,1,0,False
1908,0,0,0,1,1,False
1909,0,0,2,0,1,False
1910,0,0,2,1,1,False
1911,1,0,0,1,0,True
1912,0,0,2,0,1,False
1913,0,0,0,0,1,False
1914,0,0,0,1,1,False
1915,1,0,2,1,0,True
1916,1,0,0,1,1,False
1917,1,0,0,1,0,True
1918,1,0,0,1,0,True
1919,0,0,0,0,1,False
1920,1,0,0,1,1,False
1921,1,0,0,1,1,False
1922,0,0,0,0,1,False
1923,0,1,0,1,0,False
1924,1,0,0,1,1,False
1925,0,1,0,0,0,False
1926,1,0,0,0,1,False
1927,1,0,0,1,0,True
1928,1,0,0,1,0,True
1929,0,0,0,1,1,False
1930,1,0,0,1,0,True
1931,1,0,0,1,1,False
1932,1,0,0,1,0,True
1933,0,0,0,0,0,True
1934,1,0,0,1,1,False
1935,0,0,0,0,0,True
1936,1,0,2,1,0,True
1937,0,0,0,0,0,True
1938,1,0,0,0,1,False
1939,0,0,2,0,1,False
1940,1,0,0,1,0,True
1941,0,0,2,0,0,True
1942,0,0,0,0,0,True
1943,0,0,2,0,0,True
1944,1,0,0,1,1,False
1945,1,0,2,1,0,True
1946,0,0,2,0,0,True
1947,1,0,0,1,0,True
1948,0,0,0,0,0,True
1949,0,0,0,0,1,False
1950,0,0,2,0,0,True
1951,1,0,0,1,0,True
1952,1,0,0,1,0,True
1953,1,0,0,1,0,True
1954,1,0,0,0,1,False
1955,0,0,2,0,0,True
1956,0,0,2,0,0,True
1957,0,0,0,0,0,True
1958,1,0,0,1,0,True
1959,0,1,2,0,1,True
1960,0,0,0,1,1,False
1961,0,0,2,0,1,False
1962,1,0,2,1,0,True
1963,1,0,0,1,0,True
1964,0,0,0,0,1,False
1965,1,0,0,1,1,False
1966,1,0,2,1,0,True
1967,1,0,0,0,1,False
1968,0,0,0,0,0,True
1969,1,0,0,1,1,False
1970,0,0,0,0,1,False
1971,0,0,0,0,1,False
1972,0,0,0,1,1,False
1973,0,0,0,0,0,True
1974,0,0,0,0,1,False
1975,0,0,0,1,1,False
1976,0,0,2,0,0,True
1977,0,0,0,0,0,True
1978,1,0,2,0,1,False
1979,0,1,0,1,0,False
1980,1,0,0,1,1,False
1981,0,0,0,1,1,False
1982,1,0,0,1,0,True
1983,0,0,0,0,0,True
1984,0,0,2,0,0,True
1985,0,0,0,0,0,True
1986,0,0,0,0,0,True
1987,1,0,0,0,1,False
1988,0,1,0,0,0,False
1989,0,0,0,0,0,True
1990,0,0,0,0,0,True
1991,1,0,0,1,0,True
1992,1,0,0,1,0,True
1993,0,1,2,0,1,True
1994,1,0,2,1,1,False
1995,1,0,2,0,1,False
1996,0,0,2,1,1,False
1997,1,0,0,1,1,False
1998,1,0,0,0,1,False
1999,1,0,0,1,0,True
2000,0,0,2,0,0,True
2001,0,1,0,0,0,False
2002,0,0,0,1,1,False
2003,0,1,0,0,1,True
2004,0,0,0,1,1,False
2005,0,0,0,0,0,True
2006,1,0,0,1,0,True
2007,1,0,0,1,0,True
2008,1,0,2,1,0,True
2009,0,1,0,0,0,False
2010,0,0,2,1,1,False
2011,1,0,0,1,0,True
2012,0,0,2,0,0,True
2013,1,0,0,0,1,False
2014,1,0,0,1,0,True
2015,1,0,2,0,1,False
2016,0,1,0,1,0,False
2017,0,0,0,0,1,False
2018,0,0,0,0,0,True
2019,0,0,0,0,0,True
2020,1,0,0,1,0,True
2021,1,0,0,1,0,True
2022,1,0,0,1,1,False
2023,0,0,0,0,1,False
2024,1,0,0,1,0,True
2025,0,0,2,0,0,True
2026,1,0,0,1,0,True
2027,0,0,0,0,0,True
2028,1,0,0,1,0,True
2029,0,1,0,0,1,True
2030,0,0,0,0,0,True
2031,0,0,0,0,0,True
2032,0,0,0,0,1,False
2033,0,0,2,0,0,True
2034,0,0,2,0,0,True
2035,0,0,0,0,1,False
2036,1,0,0,1,0,True
2037,0,0,2,0,0,True
2038,1,0,0,1,0,True
2039,1,0,0,1,0,True
2040,1,0,2,0,1,False
2041,1,0,0,1,1,False
2042,1,0,0,1,0,True
2043,0,1,0,0,1,True
2044,0,0,0,0,1,False
2045,1,0,2,1,0,True
2046,1,0,0,1,0,True
2047,0,0,0,0,0,True
2048,0,0,0,0,1,False
2049,0,0,0,0,0,True
2050,0,0,0,0,0,True
2051,1,0,0,0,1,False
2052,1,0,2,1,1,False
2053,1,0,0,0,1,False
2054,0,0,0,0,0,True
2055,1,0,0,1,0,True
2056,0,0,0,0,0,True
2057,1,0,0,1,0,True
2058,1,0,0,1,0,True
2059,0,1,2,0,0,False
2060,0,1,0,0,1,True
2061,0,0,0,0,0,True
2062,1,0,0,0,1,False
2063,1,0,0,1,0,True
2064,1,0,0,1,0,True
2065,0,0,0,1,1,False
2066,1,0,0,1,0,True
2067,1,0,0,1,0,True
2068,0,1,0,1,0,False
2069,1,0,0,1,0,True
2070,0,0,0,0,0,True
2071,0,0,0,0,0,True
2072,1,0,0,1,0,True
2073,0,0,0,0,0,True
2074,1,0,0,1,0,True
2075,0,0,2,0,1,False
2076,0,0,0,0,0,True
2077,0,0,0,0,0,True
2078,1,0,0,1,0,True
2079,0,0,2,0,0,True
2080,0,0,2,0,0,True
2081,0,0,0,0,0,True
2082,0,0,0,0,0,True
2083,1,0,0,1,0,True
2084,0,0,0,0,0,True
2085,1,0,0,1,0,True
2086,1,0,0,1,1,False
2087,1,0,2,1,0,True
2088,0,0,0,0,0,True
2089,0,0,0,0,1,False
2090,1,0,0,1,0,True
2091,0,0,0,0,0,True
2092,0,1,0,0,0,False
2093,1,0,0,1,1,False
2094,1,0,0,0,1,False
2095,1,0,0,0,1,False
2096,0,0,0,0,0,True
2097,0,0,0,1,1,False
2098,0,0,2,0,0,True
2099,0,0,2,0,1,False
2100,1,0,0,0,1,False
2101,0,0,0,1,1,False
2102,0,0,0,0,0,True
2103,1,0,0,1,0,True
2104,1,0,0,0,1,False
2105,1,0,0,1,0,True
2106,0,0,2,0,0,True
2107,0,1,0,1,0,False
2108,1,0,0,1,0,True
2109,0,0,0,0,1,False
2110,0,0,0,0,0,True
2111,0,0,0,0,1,False
2112,0,0,2,1,1,False
2113,0,0,0,0,0,True
2114,1,0,2,1,0,True
2115,0,1,0,0,0,False
2116,1,0,0,1,0,True
2117,1,0,0,1,1,False
2118,1,0,0,1,1,False
2119,0,0,2,0,0,True
2120,0,0,0,0,0,True
2121,1,0,0,0,1,False
2122,1,0,2,0,1,False
2123,0,0,0,0,1,False
2124,0,0,0,1,1,False
2125,1,0,2,1,0,True
2126,0,0,2,0,1,False
2127,1,0,0,1,0,True
2128,1,0,2,0,1,False
2129,0,1,0,0,1,True
2130,0,0,0,1,1,False
2131,1,0,2,0,1,False
2132,1,0,0,1,0,True
2133,0,0,0,0,0,True
2134,0,1,2,0,0,False
2135,1,0,0,1,1,False
2136,0,0,0,1,1,False
2137,1,0,0,1,0,True
2138,0,1,0,1,0,False
2139,1,0,0,1,0,True
2140,0,0,0,0,0,True
2141,0,0,2,1,1,False
2142,1,0,0,1,0,True
2143,1,0,0,1,1,False
2144,1,0,0,1,0,True
2145,1,0,2,0,1,False
2146,1,0,0,1,0,True
2147,1,0,2,1,0,True
2148,0,0,2,0,0,True
2149,0,0,0,1,1,False
2150,1,0,0,1,0,True
2151,1,0,0,1,0,True
2152,0,0,0,0,1,False
2153,0,0,0,0,1,False
2154,1,0,2,1,0,True
2155,1,0,0,0,1,False
2156,1,0,0,1,0,True
2157,1,0,2,1,0,True
2158,1,0,2,1,1,False
2159,0,0,2,0,1,False
2160,0,1,2,0,0,False
2161,0,0,0,0,0,True
2162,1,0,0,1,0,True
2163,1,0,0,1,0,True
2164,1,0,2,1,0,True
2165,0,0,0,1,1,False
2166,1,0,2,1,1,False
2167,1,0,0,1,1,False
2168,1,0,0,1,0,True
2169,0,0,0,0,0,True
2170,1,0,0,1,0,True
2171,1,0,0,1,0,True
2172,0,1,2,0,1,True
2173,0,0,0,0,0,True
2174,1,0,0,1,1,False
2175,1,0,0,1,1,False
2176,1,0,0,1,0,True
2177,1,0,2,1,0,True
2178,0,0,0,1,1,False
2179,0,0,0,0,1,False
2180,1,0,0,1,0,True
2181,0,0,0,0,0,True
2182,0,0,0,1,0,True
2183,1,0,0,1,0,True
2184,1,0,0,0,1,False
2185,1,0,0,1,0,True
2186,0,0,0,0,0,True
2187,1,0,2,0,1,False
2188,0,0,0,0,1,False
2189,0,0,2,0,1,False
2190,1,0,0,1,0,True
2191,0,1,0,1,0,False
2192,0,0,0,0,0,True
2193,0,0,0,0,0,True
2194,1,0,0,1,0,True
2195,0,0,0,0,0,True
2196,1,0,2,1,0,True
2197,1,0,0,1,0,True
2198,1,0,0,1,0,True
2199,1,0,0,0,1,False
2200,0,0,2,0,0,True
2201,0,0,0,0,1,False
2202,0,0,0,0,0,True
2203,1,0,0,0,1,False
2204,1,0,0,1,0,True
2205,1,0,0,1,1,False
2206,0,0,0,1,1,False
2207,1,0,0,1,0,True
2208,0,1,0,0,1,True
2209,1,0,0,1,0,True
2210,0,0,0,0,1,False
2211,1,0,2,1,0,True
2212,0,1,2,0,1,True
2213,1,0,2,0,1,False
2214,0,1,0,0,0,False
2215,1,0,2,1,0,True
2216,0,0,0,0,1,False
2217,0,1,0,1,0,False
2218,1,0,0,0,1,False
2219,1,0,0,1,0,True
2220,1,0,2,0,1,False
2221,1,0,0,1,0,True
2222,1,0,0,1,0,True
2223,1,0,0,1,0,True
2224,1,0,0,0,1,False
2225,1,0,0,1,0,True
2226,1,0,0,1,0,True
2227,1,0,0,0,1,False
2228,1,0,0,0,1,False
2229,1,0,0,1,0,True
2230,1,0,2,0,1,False
2231,1,0,2,1,0,True
2232,0,0,2,0,1,False
2233,1,0,0,1,1,False
2234,0,1,0,0,0,False
2235,1,0,0,1,1,False
2236,1,0,0,1,0,True
2237,0,0,0,1,1,False
2238,1,0,0,1,0,True
2239,1,0,0,1,1,False
2240,1,0,0,1,0,True
2241,1,0,2,1,1,False
2242,0,0,0,0,0,True
2243,1,0,0,1,0,True
2244,1,0,0,0,1,False
2245,1,0,0,0,1,False
2246,0,0,0,0,1,False
2247,1,0,0,0,1,False
2248,0,1,0,0,1,True
2249,1,0,2,1,0,True
2250,1,0,0,0,1,False
2251,0,0,0,1,1,False
2252,1,0,0,1,0,True
2253,1,0,0,1,0,True
2254,1,0,0,1,0,True
2255,1,0,0,0,1,False
2256,1,0,0,1,1,False
2257,0,0,0,1,1,False
2258,1,0,0,0,1,False
2259,1,0,0,0,1,False
2260,0,0,0,1,1,False
2261,1,0,2,1,0,True
2262,1,0,0,1,0,True
2263,0,0,2,0,0,True
2264,0,0,0,0,1,False
2265,0,0,0,0,1,False
2266,1,0,0,1,1,False
2267,0,1,0,1,0,False
2268,1,0,0,1,0,True
2269,1,0,0,1,0,True
2270,1,0,0,1,1,False
2271,0,0,0,1,1,False
2272,1,0,0,0,1,False
2273,0,0,2,1,1,False
2274,1,0,0,0,1,False
2275,0,0,0,1,1,False
2276,1,0,0,1,0,True
2277,0,1,0,0,1,True
2278,1,0,2,0,1,False
2279,1,0,0,1,0,True
2280,0,1,0,0,1,True
2281,1,0,0,1,0,True
2282,0,0,0,0,1,False
2283,0,0,0,0,0,True
2284,1,0,0,1,0,True
2285,0,0,2,0,0,True
2286,1,0,0,1,0,True
2287,0,1,0,1,0,False
2288,1,0,2,0,1,False
2289,1,0,0,0,1,False
2290,1,0,0,1,1,False
2291,0,0,0,0,1,False
2292,0,0,0,0,1,False
2293,1,0,0,1,0,True
2294,0,0,0,0,1,False
2295,0,0,0,0,0,True
2296,0,1,0,1,0,False
2297,1,0,0,1,1,False
2298,1,0,0,1,0,True
2299,1,0,2,1,0,True
2300,0,0,0,0,0,True
2301,0,0,0,0,1,False
2302,1,0,2,1,0,True
2303,0,0,0,0,1,False
2304,1,0,0,1,0,True
2305,1,0,2,1,1,False
2306,1,0,0,0,1,False
2307,0,0,0,0,0,True
2308,1,0,0,0,0,True
2309,0,0,0,0,0,True
2310,0,0,0,0,0,True
2311,0,0,0,0,1,False
2312,1,0,0,1,1,False
2313,1,0,0,1,0,True
2314,1,0,0,1,0,True
2315,0,0,0,0,0,True
2316,1,0,0,1,0,True
2317,1,0,0,1,0,True
2318,0,0,0,0,0,True
2319,0,0,0,1,1,False
2320,0,0,0,0,0,True
2321,1,0,2,0,1,False
2322,0,0,0,0,0,True
2323,1,0,0,1,0,True
2324,1,0,0,1,1,False
2325,0,0,0,0,0,True
2326,0,0,0,0,0,True
2327,1,0,2,1,0,True
2328,0,0,0,0,0,True
2329,0,0,0,0,0,True
2330,0,0,2,0,0,True
2331,1,0,0,1,0,True
2332,1,0,0,1,0,True
2333,1,0,0,1,0,True
2334,0,0,0,0,0,True
2335,1,0,0,1,1,False
2336,1,0,0,1,0,True
2337,1,0,2,1,1,False
2338,1,0,2,1,1,False
2339,0,1,0,0,1,True
2340,1,0,0,1,0,True
2341,1,0,0,0,1,False
2342,0,0,0,0,0,True
2343,0,0,0,0,1,False
2344,0,1,0,0,1,True
2345,0,1,0,0,1,True
2346,0,0,0,0,0,True
2347,1,0,2,1,0,True
2348,0,0,0,0,1,False
2349,0,1,0,1,0,False
2350,0,0,0,0,0,True
2351,0,1,0,0,1,True
2352,1,0,0,1,0,True
2353,1,0,0,1,0,True
2354,0,1,2,0,1,True
2355,0,0,0,0,1,False
2356,1,0,0,1,0,True
2357,0,0,2,0,0,True
2358,0,0,2,1,1,False
2359,0,0,0,0,0,True
2360,0,0,0,1,0,True
2361,1,0,0,1,0,True
2362,1,0,0,1,0,True
2363,0,1,0,1,0,False
2364,0,0,0,0,1,False
2365,0,1,0,0,0,False
2366,0,0,2,0,0,True
2367,0,0,0,0,0,True
2368,0,0,0,1,1,False
2369,0,0,2,0,1,False
2370,1,0,0,1,0,True
2371,1,0,2,1,0,True
2372,1,0,0,1,0,True
2373,1,0,0,0,1,False
2374,1,0,0,1,1,False
2375,0,0,0,0,1,False
2376,1,0,2,1,1,False
2377,1,0,0,0,1,False
2378,0,0,0,1,1,False
2379,1,0,0,1,0,True
2380,1,0,0,1,0,True
2381,0,0,2,0,0,True
2382,0,0,0,0,1,False
2383,1,0,2,1,0,True
2384,0,0,0,0,1,False
2385,1,0,0,0,1,False
2386,0,1,0,0,0,False
2387,0,0,0,0,0,True
2388,1,0,0,0,1,False
2389,1,0,0,1,0,True
2390,0,0,0,0,1,False
2391,1,0,0,1,0,True
2392,0,0,0,0,1,False
2393,1,0,0,1,0,True
2394,1,0,0,1,0,True
2395,0,0,0,0,0,True
2396,1,0,2,1,1,False
2397,1,0,0,0,1,False
2398,0,0,0,0,1,False
2399,1,0,0,1,1,False
2400,0,0,0,1,1,False
2401,1,0,0,0,1,False
2402,0,0,0,0,0,True
2403,1,0,2,1,0,True
2404,1,0,0,1,0,True
2405,0,0,0,0,1,False
2406,0,1,0,1,0,False
2407,0,1,0,1,0,False
2408,1,0,0,1,0,True
2409,0,0,0,0,0,True
2410,1,0,0,0,1,False
2411,0,0,0,0,1,False
2412,1,0,0,1,0,True
2413,0,0,2,1,1,False
2414,0,1,0,0,1,True
2415,0,0,2,0,1,False
2416,1,0,0,1,1,False
2417,0,0,0,1,1,False
2418,1,0,0,1,0,True
2419,0,0,0,0,1,False
2420,0,0,2,0,0,True
2421,0,0,0,1,1,False
2422,0,0,0,0,0,True
2423,0,0,0,0,0,True
2424,0,0,0,0,0,True
2425,0,0,0,0,0,True
2426,0,0,0,1,1,False
2427,0,0,0,0,0,True
2428,0,0,2,0,0,True
2429,0,1,0,1,0,False
2430,0,0,0,0,1,False
2431,0,1,2,1,0,False
2432,0,0,0,0,0,True
2433,0,1,0,1,0,False
2434,0,1,0,0,1,True
2435,0,0,0,1,1,False
2436,1,0,0,1,1,False
2437,0,0,0,0,0,True
2438,0,0,0,1,1,False
2439,0,0,0,1,1,False
2440,1,0,2,1,0,True
2441,0,0,0,1,1,False
2442,1,0,0,1,0,True
2443,0,0,0,0,0,True
2444,0,1,0,0,1,True
2445,0,0,0,0,0,True
2446,1,0,0,1,0,True
2447,1,0,2,1,0,True
2448,1,0,2,1,0,True
2449,0,1,0,0,1,True
2450,0,1,0,0,0,False
2451,1,0,2,1,0,True
2452,0,1,0,1,0,False
2453,0,0,0,0,1,False
2454,1,0,2,1,1,False
2455,1,0,0,1,0,True
2456,1,0,2,0,1,False
2457,1,0,0,1,0,True
2458,1,0,0,1,0,True
2459,0,0,2,0,0,True
2460,0,1,0,1,0,False
2461,1,0,0,0,1,False
2462,1,0,0,1,1,False
2463,1,0,0,1,0,True
2464,0,0,0,0,0,True
2465,1,0,2,0,1,False
2466,1,0,0,1,0,True
2467,0,1,0,0,0,False
2468,1,0,2,0,1,False
2469,1,0,0,0,1,False
2470,0,1,0,1,0,False
2471,1,0,0,1,1,False
2472,1,0,0,1,0,True
2473,1,0,0,1,0,True
2474,1,0,0,0,1,False
2475,1,0,2,1,0,True
2476,1,0,2,0,1,False
2477,1,0,0,1,0,True
2478,1,0,0,1,0,True
2479,0,1,0,0,1,True
2480,1,0,2,1,0,True
2481,1,0,0,1,0,True
2482,0,0,0,0,0,True
2483,0,0,2,1,1,False
2484,0,1,0,0,0,False
2485,1,0,0,1,0,True
2486,1,0,0,1,1,False
2487,1,0,0,1,0,True
2488,1,0,0,1,0,True
2489,0,0,0,0,0,True
2490,0,0,0,0,0,True
2491,1,0,0,1,0,True
2492,0,0,0,0,1,False
2493,0,0,0,1,1,False
2494,0,0,2,1,1,False
2495,0,0,0,0,0,True
2496,0,0,0,0,1,False
2497,0,0,0,0,1,False
2498,0,0,0,0,0,True
2499,1,0,0,1,0,True
2500,1,0,2,1,1,False
2501,1,0,0,1,1,False
2502,0,0,2,0,0,True
2503,1,0,0,1,0,True
2504,0,0,0,0,0,True
2505,0,0,0,0,0,True
2506,1,0,0,1,0,True
2507,1,0,0,0,1,False
2508,1,0,0,0,1,False
2509,1,0,0,0,1,False
2510,1,0,0,0,1,False
2511,1,0,0,1,0,True
2512,1,0,0,1,1,False
2513,0,0,2,0,0,True
2514,0,1,0,0,1,True
2515,1,0,0,1,0,True
2516,1,0,0,1,0,True
2517,1,0,0,1,1,False
2518,0,0,0,0,0,True
2519,0,0,2,0,0,True
2520,0,0,0,0,1,False
2521,1,0,0,1,1,False
2522,0,1,0,0,1,True
2523,0,0,0,0,0,True
2524,1,0,2,1,0,True
2525,0,0,0,0,1,False
2526,0,0,0,0,0,True
2527,0,0,0,0,1,False
2528,1,0,0,0,1,False
2529,0,1,0,0,0,False
2530,0,0,0,0,0,True
2531,0,0,0,1,1,False
2532,1,0,0,0,1,False
2533,0,0,0,0,0,True
2534,0,0,0,0,0,True
2535,0,0,2,0,0,True
2536,0,1,0,0,1,True
2537,1,0,2,1,0,True
2538,0,0,0,0,1,False
2539,0,1,0,1,0,False
2540,0,0,0,0,1,False
2541,0,0,2,0,1,False
2542,1,0,2,1,0,True
2543,1,0,2,1,1,False
2544,1,0,0,1,1,False
2545,0,0,0,0,0,True
2546,0,0,0,0,0,True
2547,0,1,0,1,0,False
2548,1,0,0,1,0,True
2549,0,0,0,0,0,True
2550,1,0,0,1,1,False
2551,0,0,2,0,0,True
2552,0,0,0,0,1,False
2553,1,0,0,1,0,True
2554,0,0,2,0,0,True
2555,0,1,0,1,0,False
2556,0,0,0,0,1,False
2557,0,0,0,0,0,True
2558,0,0,0,0,0,True
2559,1,0,0,0,1,False
2560,0,0,2,1,1,False
2561,1,0,0,1,0,True
2562,1,0,0,1,0,True
2563,0,0,0,1,1,False
2564,1,0,0,1,0,True
2565,1,0,2,1,1,False
2566,1,0,0,1,0,True
2567,0,0,0,0,1,False
2568,1,0,0,1,0,True
2569,1,0,0,0,1,False
2570,0,0,0,0,1,False
2571,1,0,0,1,1,False
2572,1,0,0,1,1,False
2573,0,0,0,0,0,True
2574,1,0,0,1,0,True
2575,0,0,0,0,1,False
2576,0,0,0,0,0,True
2577,0,0,0,0,0,True
2578,0,0,0,0,1,False
2579,0,0,0,0,0,True
2580,1,0,0,0,1,False
2581,1,0,0,1,0,True
2582,0,1,0,0,1,True
2583,0,0,0,0,1,False
2584,1,0,0,1,0,True
2585,0,0,0,0,1,False
2586,0,0,0,0,1,False
2587,0,0,0,0,1,False
2588,0,0,0,0,1,False
2589,1,0,0,0,0,True
2590,0,0,0,1,1,False
2591,0,0,0,0,0,True
2592,1,0,2,1,0,True
2593,0,0,0,0,0,True
2594,0,0,0,0,0,True
2595,1,0,2,1,0,True
2596,1,0,0,1,1,False
2597,1,0,0,1,0,True
2598,0,0,0,0,0,True
2599,0,0,0,1,1,False
2600,0,0,0,0,1,False
2601,1,0,2,1,0,True
2602,0,0,2,0,1,False
2603,1,0,0,1,1,False
2604,0,1,0,0,0,False
2605,1,0,0,1,0,True
2606,0,0,0,0,0,True
2607,1,0,0,1,1,False
2608,0,0,0,1,1,False
2609,1,0,0,1,0,True
2610,1,0,0,1,0,True
2611,0,0,0,1,1,False
2612,1,0,0,1,0,True
2613,0,0,0,0,0,True
2614,1,0,0,1,0,True
2615,1,0,0,1,0,True
2616,1,0,0,1,0,True
2617,0,1,0,0,0,False
2618,0,0,2,0,0,True
2619,1,0,0,1,1,False
2620,0,0,0,0,0,True
2621,1,0,2,1,0,True
2622,0,0,0,0,0,True
2623,1,0,0,1,0,True
2624,1,0,0,0,1,False
2625,1,0,2,1,0,True
2626,0,0,2,0,0,True
2627,1,0,0,1,0,True
2628,0,0,2,0,1,False
2629,0,0,0,1,1,False
2630,1,0,0,0,1,False
2631,0,1,0,0,0,False
2632,0,0,0,0,1,False
2633,1,0,0,0,1,False
2634,1,0,0,1,1,False
2635,0,0,0,0,1,False
2636,0,0,0,0,0,True
2637,1,0,2,0,1,False
2638,0,0,0,0,1,False
2639,1,0,0,1,0,True
2640,0,0,0,1,0,True
2641,1,0,0,0,1,False
2642,1,0,0,1,0,True
2643,0,0,0,0,1,False
2644,0,0,0,0,0,True
2645,1,0,0,1,0,True
2646,0,0,0,0,0,True
2647,1,0,0,1,0,True
2648,1,0,0,1,0,True
2649,0,0,2,0,0,True
2650,0,0,0,1,1,False
2651,0,0,2,0,0,True
2652,0,0,0,1,1,False
2653,0,0,0,0,1,False
2654,0,1,2,0,1,True
2655,0,0,0,0,0,True
2656,0,1,0,0,1,True
2657,1,0,0,1,0,True
2658,0,1,2,0,1,True
2659,1,0,0,0,1,False
2660,0,0,2,1,1,False
2661,0,0,0,1,1,False
2662,0,0,2,0,1,False
2663,0,0,0,1,1,False
2664,1,0,0,1,0,True
2665,1,0,0,1,1,False
2666,0,0,0,0,0,True
2667,0,0,0,0,0,True
2668,1,0,0,1,0,True
2669,0,0,0,0,0,True
2670,0,0,0,0,0,True
2671,1,0,0,1,0,True
2672,1,0,0,1,0,True
2673,0,0,0,0,0,True
2674,1,0,0,1,1,False
2675,0,0,0,1,1,False
2676,0,1,2,0,0,False
2677,1,0,2,1,0,True
2678,0,0,0,0,0,True
2679,1,0,0,0,1,False
2680,1,0,0,1,0,True
2681,1,0,2,1,0,True
2682,0,0,2,0,0,True
2683,0,0,0,0,0,True
2684,0,0,0,0,0,True
2685,0,0,0,0,0,True
2686,0,0,0,0,0,True
2687,1,0,0,1,0,True
2688,1,0,0,1,0,True
2689,1,0,0,1,1,False
2690,0,0,2,0,1,False
2691,0,0,2,0,1,False
2692,0,0,0,0,1,False
2693,0,1,0,0,1,True
2694,1,0,2,0,1,False
2695,1,0,0,0,1,False
2696,0,0,0,0,0,True
2697,1,0,2,0,1,False
2698,0,0,0,0,0,True
2699,0,0,0,0,1,False
2700,1,0,0,1,0,True
2701,0,1,0,0,1,True
2702,1,0,0,0,1,False
2703,1,0,0,1,0,True
2704,1,0,0,1,0,True
2705,0,0,0,1,1,False
2706,1,0,0,1,0,True
2707,1,0,2,1,0,True
2708,1,0,2,1,0,True
2709,1,0,0,1,0,True
2710,0,0,0,0,0,True
2711,0,0,0,0,0,True
2712,0,0,2,1,1,False
2713,1,0,0,1,1,False
2714,1,0,0,1,0,True
2715,1,0,0,1,0,True
2716,1,0,0,1,0,True
2717,1,0,2,1,0,True
2718,1,0,0,1,0,True
2719,1,0,2,1,0,True
2720,1,0,0,1,0,True
2721,0,0,2,0,1,False
2722,1,0,0,1,0,True
2723,0,0,0,0,1,False
2724,1,0,2,1,0,True
2725,0,0,0,0,0,True
2726,1,0,0,1,0,True
2727,0,0,2,0,0,True
2728,1,0,2,1,1,False
2729,1,0,2,1,1,False
2730,0,0,0,1,1,False
2731,1,0,0,1,1,False
2732,0,1,0,0,1,True
2733,1,0,2,0,1,False
2734,0,0,0,1,1,False
2735,0,0,2,0,0,True
2736,0,0,0,1,1,False
2737,1,0,0,1,0,True
2738,0,0,0,1,1,False
2739,1,0,0,1,0,True
2740,1,0,2,1,0,True
2741,1,0,2,1,0,True
2742,0,1,2,0,1,True
2743,1,0,0,0,1,False
2744,0,1,0,0,1,True
2745,1,0,0,1,0,True
2746,0,0,0,0,1,False
2747,0,0,2,1,1,False
2748,0,0,0,1,1,False
2749,0,0,0,0,0,True
2750,0,0,0,1,1,False
2751,0,0,0,0,0,True
2752,0,0,0,0,0,True
2753,0,1,0,0,1,True
2754,0,0,0,0,0,True
2755,0,0,0,0,0,True
2756,1,0,0,1,1,False
2757,0,0,2,0,1,False
2758,1,0,2,0,1,False
2759,0,0,0,0,1,False
2760,0,0,0,0,0,True
2761,1,0,0,1,0,True
2762,1,0,0,1,0,True
2763,1,0,2,1,0,True
2764,1,0,0,0,1,False
2765,1,0,0,1,1,False
2766,0,0,2,0,0,True
2767,0,0,2,0,0,True
2768,1,0,0,1,0,True
2769,0,1,0,0,1,True
2770,0,0,0,0,1,False
2771,0,0,0,0,0,True
2772,0,0,2,1,1,False
2773,1,0,0,1,1,False
2774,1,0,0,1,1,False
2775,0,0,2,0,1,False
2776,0,1,0,1,0,False
2777,0,1,0,1,0,False
2778,0,1,0,1,0,False
2779,1,0,2,1,1,False
2780,1,0,0,1,0,True
2781,0,0,0,0,0,True
2782,1,0,0,1,0,True
2783,1,0,0,1,0,True
2784,1,0,0,1,0,True
2785,0,0,0,0,0,True
2786,1,0,0,1,0,True
2787,0,0,0,0,1,False
2788,1,0,2,0,1,False
2789,0,0,0,0,1,False
2790,0,0,0,0,0,True
2791,0,0,2,1,0,True
2792,1,0,0,1,0,True
2793,0,0,2,0,0,True
2794,1,0,0,1,0,True
2795,1,0,0,1,0,True
2796,0,0,0,0,1,False
2797,0,0,0,0,0,True
2798,1,0,0,1,0,True
2799,1,0,0,0,1,False
2800,0,0,2,1,1,False
2801,0,1,0,0,1,True
2802,0,0,0,1,1,False
2803,1,0,0,1,1,False
2804,0,0,0,0,1,False
2805,0,0,0,0,0,True
2806,1,0,0,1,0,True
2807,0,0,0,0,0,True
2808,1,0,2,0,1,False
2809,1,0,0,1,1,False
2810,0,0,0,0,1,False
2811,1,0,2,0,1,False
2812,0,0,2,1,1,False
2813,0,0,0,1,1,False
2814,1,0,2,0,1,False
2815,0,1,0,1,0,False
2816,0,1,0,0,0,False
2817,0,1,0,0,1,True
2818,0,0,2,0,1,False
2819,1,0,0,1,0,True
2820,1,0,0,1,0,True
2821,0,1,0,1,0,False
2822,0,1,0,0,1,True
2823,0,1,0,0,1,True
2824,0,0,0,0,0,True
2825,0,0,0,0,1,False
2826,0,0,0,0,0,True
2827,1,0,0,1,0,True
2828,1,0,0,1,0,True
2829,0,0,0,0,0,True
2830,0,0,2,0,0,True
2831,1,0,0,1,0,True
2832,0,0,0,0,1,False
2833,1,0,0,1,0,True
2834,0,0,0,1,1,False
2835,1,0,0,0,1,False
2836,0,0,0,1,1,False
2837,0,0,0,0,0,True
2838,1,0,0,1,0,True
2839,0,0,2,0,1,False
2840,0,0,2,0,1,False
2841,0,0,2,0,1,False
2842,1,0,0,1,0,True
2843,1,0,0,1,0,True
2844,1,0,2,1,1,False
2845,1,0,0,0,1,False
2846,0,0,0,1,1,False
2847,1,0,0,0,1,False
2848,0,0,0,0,0,True
2849,0,0,0,1,1,False
2850,1,0,0,1,0,True
2851,0,0,2,0,0,True
2852,1,0,0,1,0,True
2853,0,0,0,0,1,False
2854,0,0,2,0,1,False
2855,0,0,0,0,0,True
2856,1,0,0,1,0,True
2857,1,0,2,1,1,False
2858,1,0,2,1,0,True
2859,0,1,2,0,1,True
2860,1,0,2,1,0,True
2861,1,0,0,0,1,False
2862,0,1,0,0,1,True
2863,1,0,0,1,0,True
2864,1,0,0,1,0,True
2865,0,0,0,0,0,True
2866,0,0,0,0,1,False
2867,0,0,0,0,0,True
2868,0,0,0,0,0,True
2869,1,0,0,1,1,False
2870,0,0,2,0,0,True
2871,1,0,2,1,0,True
2872,1,0,0,1,0,True
2873,1,0,2,1,0,True
2874,1,0,2,1,0,True
2875,1,0,0,0,1,False
2876,1,0,0,0,1,False
2877,0,1,0,1,0,False
2878,0,1,0,1,1,True
2879,1,0,0,1,0,True
2880,0,1,2,0,1,True
2881,1,0,0,1,0,True
2882,1,0,2,0,1,False
2883,0,0,0,0,0,True
2884,0,1,0,0,1,True
2885,0,0,0,1,1,False
2886,1,0,0,0,1,False
2887,1,0,0,1,1,False
2888,1,0,2,1,0,True
2889,0,0,0,0,1,False
2890,0,1,0,0,1,True
2891,0,0,2,0,0,True
2892,0,0,0,0,1,False
2893,0,0,0,0,0,True
2894,0,0,2,0,0,True
2895,1,0,0,1,0,True
2896,0,0,0,1,1,False
2897,1,0,0,0,1,False
2898,0,0,0,1,1,False
2899,1,0,2,1,0,True
2900,0,0,0,0,0,True
2901,0,0,0,0,1,False
2902,0,0,0,0,0,True
2903,1,0,0,1,0,True
2904,1,0,0,1,1,False
2905,0,0,2,0,1,False
2906,0,0,0,0,1,False
2907,0,0,0,0,0,True
2908,0,0,2,1,1,False
2909,0,0,0,1,1,False
2910,0,0,0,0,0,True
2911,0,0,0,0,1,False
2912,0,1,0,1,0,False
2913,1,0,2,1,0,True
2914,1,0,0,1,0,True
2915,0,0,0,0,0,True
2916,0,1,2,1,0,False
2917,0,0,0,0,1,False
2918,0,1,0,0,1,True
2919,1,0,0,1,1,False
2920,1,0,0,0,1,False
2921,0,0,2,0,0,True
2922,1,0,0,0,1,False
2923,0,0,2,1,1,False
2924,1,0,0,1,0,True
2925,1,0,0,1,0,True
2926,0,0,2,0,1,False
2927,0,0,2,0,1,False
2928,1,0,0,1,0,True
2929,1,0,0,1,0,True
2930,1,0,0,1,0,True
2931,0,0,0,0,1,False
2932,0,0,2,0,0,True
2933,1,0,2,1,1,False
2934,0,0,0,0,0,True
2935,0,0,0,1,1,False
2936,1,0,0,1,0,True
2937,1,0,0,1,1,False
2938,1,0,2,1,0,True
2939,1,0,0,1,0,True
2940,0,0,0,0,1,False
2941,0,0,2,0,0,True
2942,0,0,0,1,1,False
2943,1,0,0,1,0,True
2944,1,0,0,1,0,True
2945,1,0,0,1,0,True
2946,1,0,2,1,0,True
2947,0,0,0,0,0,True
2948,1,0,0,1,0,True
2949,1,0,0,0,1,False
2950,0,0,0,1,1,False
2951,1,0,0,1,1,False
2952,0,0,0,1,1,False
2953,0,1,0,1,0,False
2954,0,0,0,0,0,True
2955,0,0,0,0,0,True
2956,1,0,0,1,0,True
2957,0,0,0,0,0,True
2958,1,0,0,1,1,False
2959,0,0,0,0,1,False
2960,0,1,0,0,0,False
2961,0,0,0,0,0,True
2962,0,0,0,0,0,True
2963,0,0,0,0,1,False
2964,0,0,0,0,0,True
2965,1,0,0,1,0,True
2966,1,0,0,1,0,True
2967,1,0,0,1,0,True
2968,1,0,2,1,1,False
2969,1,0,0,1,0,True
2970,0,0,0,0,0,True
2971,0,0,0,0,0,True
2972,0,0,0,0,0,True
2973,1,0,0,1,0,True
2974,0,0,0,0,0,True
2975,1,0,0,1,0,True
2976,0,0,0,0,1,False
2977,0,0,0,0,1,False
2978,0,0,0,0,1,False
2979,1,0,0,1,0,True
2980,0,0,0,1,1,False
2981,0,0,2,1,1,False
2982,1,0,2,1,1,False
2983,1,0,0,1,0,True
2984,1,0,0,1,1,False
2985,0,0,0,0,0,True
2986,1,0,0,0,1,False
2987,0,0,0,0,1,False
2988,1,0,0,1,1,False
2989,0,1,0,1,0,False
2990,0,0,0,0,0,True
2991,0,0,0,0,1,False
2992,1,0,0,1,0,True
2993,0,0,0,0,1,False
2994,1,0,0,1,0,True
2995,0,1,0,1,0,False
2996,1,0,0,0,1,False
2997,0,1,0,0,1,True
2998,1,0,0,1,1,False
2999,1,0,2,1,0,True
3000,0,0,0,0,0,True
3001,0,0,0,1,0,True
3002,1,0,0,0,1,False
3003,1,0,0,1,0,True
3004,0,0,0,1,1,False
3005,0,0,0,0,1,False
3006,0,0,0,0,1,False
3007,1,0,0,1,0,True
3008,0,0,0,0,1,False
3009,1,0,0,1,1,False
3010,1,0,0,1,0,True
3011,0,1,0,1,0,False
3012,1,0,0,0,1,False
3013,1,0,2,0,1,False
3014,0,0,0,0,0,True
3015,0,0,0,0,0,True
3016,0,1,0,0,0,False
3017,0,0,0,1,1,False
3018,1,0,0,1,0,True
3019,0,0,2,0,0,True
3020,0,0,0,0,1,False
3021,0,1,2,0,1,True
3022,1,0,0,1,0,True
3023,1,0,0,0,1,False
3024,1,0,0,0,1,False
3025,1,0,2,0,1,False
3026,0,0,0,1,1,False
3027,1,0,0,1,0,True
3028,1,0,0,1,0,True
3029,0,0,0,1,1,False
3030,1,0,0,0,1,False
3031,1,0,0,1,0,True
3032,0,1,0,1,0,False
3033,0,1,0,1,0,False
3034,1,0,2,1,0,True
3035,1,0,0,1,0,True
3036,1,0,0,0,1,False
3037,1,0,0,1,0,True
3038,1,0,0,0,1,False
3039,0,0,2,0,0,True
3040,1,0,0,1,0,True
3041,0,0,0,1,1,False
3042,1,0,0,0,1,False
3043,0,0,2,0,0,True
3044,1,0,0,1,0,True
3045,1,0,0,1,0,True
3046,1,0,0,1,1,False
3047,1,0,2,1,0,True
3048,0,0,0,0,0,True
3049,1,0,2,1,1,False
3050,0,0,0,1,1,False
3051,0,0,0,1,1,False
3052,1,0,0,1,1,False
3053,1,0,0,1,0,True
3054,0,0,2,0,1,False
3055,0,0,0,0,1,False
3056,0,1,2,0,1,True
3057,0,0,0,0,0,True
3058,1,0,0,0,1,False
3059,0,0,0,0,1,False
3060,1,0,0,1,1,False
3061,1,0,2,1,0,True
3062,1,0,0,1,0,True
3063,0,1,0,0,0,False
3064,0,0,0,1,1,False
3065,0,0,0,0,0,True
3066,0,0,0,0,0,True
3067,0,1,0,0,0,False
3068,0,0,2,0,0,True
3069,1,0,0,0,1,False
3070,1,0,0,1,1,False
3071,1,0,0,1,1,False
3072,1,0,0,1,0,True
3073,1,0,0,1,0,True
3074,1,0,0,0,1,False
3075,0,0,0,0,1,False
3076,1,0,0,1,0,True
3077,1,0,0,1,0,True
3078,0,0,0,0,0,True
3079,0,1,0,1,0,False
3080,0,0,0,0,0,True
3081,1,0,0,1,0,True
3082,1,0,0,1,0,True
3083,0,0,2,1,1,False
3084,0,1,0,0,1,True
3085,0,0,0,0,1,False
3086,1,0,0,0,1,False
3087,1,0,0,1,1,False
3088,0,0,0,0,0,True
3089,1,0,0,1,0,True
3090,0,0,0,0,1,False
3091,0,0,0,0,0,True
3092,0,0,0,0,0,True
3093,1,0,0,1,1,False
3094,1,0,2,0,1,False
3095,0,1,0,0,1,True
3096,0,0,0,1,1,False
3097,0,0,2,0,1,False
3098,1,0,0,1,0,True
3099,1,0,0,0,1,False
3100,0,1,0,1,0,False
3101,0,0,2,0,1,False
3102,1,0,2,0,1,False
3103,0,1,0,1,0,False
3104,0,1,2,1,0,False
3105,1,0,0,1,1,False
3106,0,0,0,0,0,True
3107,0,0,0,0,1,False
3108,1,0,0,1,0,True
3109,0,0,0,0,0,True
3110,1,0,2,1,1,False
3111,0,1,2,0,1,True
3112,0,0,0,0,0,True
3113,0,0,0,0,0,True
3114,1,0,0,1,1,False
3115,1,0,0,1,0,True
3116,1,0,2,1,0,True
3117,1,0,0,1,0,True
3118,0,0,0,1,1,False
3119,1,0,2,0,1,False
3120,1,0,0,1,0,True
3121,1,0,0,1,0,True
3122,1,0,0,0,1,False
3123,0,0,0,0,1,False
3124,1,0,0,0,1,False
3125,1,0,0,1,0,True
3126,0,0,2,0,0,True
3127,0,0,0,0,1,False
3128,1,0,0,1,0,True
3129,0,0,0,0,0,True
3130,0,0,0,1,1,False
3131,0,1,0,0,0,False
3132,0,0,2,1,1,False
3133,0,0,2,0,0,True
3134,0,1,0,0,1,True
3135,1,0,0,1,1,False
3136,1,0,0,1,0,True
3137,0,0,2,0,1,False
3138,0,0,0,0,1,False
3139,1,0,0,1,0,True
3140,0,0,2,0,1,False
3141,1,0,2,0,1,False
3142,1,0,0,1,0,True
3143,0,0,0,0,0,True
3144,1,0,0,1,0,True
3145,0,0,2,0,0,True
3146,1,0,2,1,0,True
3147,1,0,0,1,0,True
3148,0,0,0,0,0,True
3149,1,0,0,1,1,False
3150,1,0,0,1,1,False
3151,1,0,2,0,1,False
3152,1,0,0,1,0,True
3153,1,0,2,0,1,False
3154,1,0,0,0,1,False
3155,1,0,0,1,0,True
3156,1,0,0,1,0,True
3157,1,0,0,1,0,True
3158,1,0,0,1,0,True
3159,1,0,2,1,1,False
3160,0,0,0,0,1,False
3161,0,1,0,1,0,False
3162,1,0,0,1,0,True
3163,1,0,0,0,1,False
3164,0,0,0,0,0,True
3165,0,1,0,0,1,True
3166,0,0,0,0,1,False
3167,1,0,0,0,1,False
3168,0,0,0,0,0,True
3169,1,0,0,1,0,True
3170,0,0,2,0,1,False
3171,1,0,0,1,0,True
3172,0,0,2,1,1,False
3173,0,0,0,0,1,False
3174,0,0,2,0,0,True
3175,0,1,0,0,1,True
3176,1,0,2,1,1,False
3177,0,0,0,0,0,True
3178,0,0,2,0,0,True
3179,1,0,0,1,0,True
3180,1,0,2,1,0,True
3181,1,0,0,1,0,True
3182,0,0,2,0,1,False
3183,1,0,0,0,1,False
3184,1,0,2,1,0,True
3185,0,0,2,0,0,True
3186,0,0,2,0,0,True
3187,1,0,2,1,1,False
3188,1,0,0,1,0,True
3189,1,0,0,0,1,False
3190,1,0,0,0,1,False
3191,1,0,0,1,0,True
3192,1,0,0,1,0,True
3193,1,0,2,0,1,False
3194,0,0,2,1,1,False
3195,1,0,0,1,1,False
3196,0,0,0,0,1,False
3197,0,0,0,0,0,True
3198,1,0,0,1,0,True
3199,1,0,0,1,0,True
3200,0,0,2,0,0,True
3201,1,0,0,1,0,True
3202,0,0,0,0,1,False
3203,0,0,2,0,0,True
3204,1,0,0,1,0,True
3205,0,0,0,0,0,True
3206,1,0,0,1,0,True
3207,1,0,0,1,0,True
3208,0,1,0,0,1,True
3209,0,0,0,0,0,True
3210,1,0,0,0,1,False
3211,0,0,2,0,0,True
3212,0,1,0,0,0,False
3213,0,0,0,1,1,False
3214,0,0,0,0,1,False
3215,1,0,0,1,0,True
3216,0,0,0,0,0,True
3217,1,0,0,1,1,False
3218,0,0,0,0,0,True
3219,0,1,0,1,0,False
3220,0,0,0,0,1,False
3221,0,0,0,0,0,True
3222,1,0,0,1,1,False
3223,0,0,0,0,1,False
3224,0,0,0,0,0,True
3225,0,0,0,1,1,False
3226,1,0,2,0,1,False
3227,1,0,0,0,1,False
3228,0,1,0,1,0,False
3229,0,0,0,0,1,False
3230,0,0,0,0,1,False
3231,1,0,0,1,0,True
3232,1,0,0,0,1,False
3233,0,0,0,0,1,False
3234,1,0,0,0,1,False
3235,1,0,2,0,1,False
3236,0,0,2,0,1,False
3237,1,0,0,1,0,True
3238,0,0,0,1,1,False
3239,1,0,0,0,1,False
3240,1,0,0,1,0,True
3241,1,0,2,1,0,True
3242,0,1,0,0,0,False
3243,1,0,0,0,1,False
3244,0,0,2,0,0,True
3245,0,0,2,0,0,True
3246,0,0,0,0,0,True
3247,1,0,0,1,0,True
3248,1,0,0,1,0,True
3249,1,0,0,0,1,False
3250,1,0,0,1,0,True
3251,0,0,0,0,0,True
3252,1,0,0,1,0,True
3253,1,0,0,1,0,True
3254,0,0,2,0,1,False
3255,0,1,0,1,0,False
3256,1,0,2,0,1,False
3257,1,0,0,1,0,True
3258,1,0,0,1,0,True
3259,0,0,0,0,0,True
3260,1,0,2,0,1,False
3261,1,0,2,1,0,True
3262,0,0,0,0,0,True
3263,1,0,0,1,0,True
3264,0,0,2,0,1,False
3265,1,0,2,1,0,True
3266,1,0,0,0,1,False
3267,0,1,2,0,1,True
3268,0,0,0,0,0,True
3269,1,0,0,0,1,False
3270,0,0,0,0,1,False
3271,0,0,0,1,1,False
3272,0,0,0,0,1,False
3273,0,0,0,0,1,False
3274,0,1,0,1,0,False
3275,1,0,2,1,0,True
3276,1,0,2,1,0,True
3277,0,0,0,0,0,True
3278,1,0,0,1,0,True
3279,1,0,0,1,0,True
3280,1,0,0,1,1,False
3281,1,0,0,0,1,False
3282,1,0,0,0,1,False
3283,0,0,2,1,1,False
3284,1,0,0,0,1,False
3285,0,0,2,0,1,False
3286,1,0,2,1,0,True
3287,0,0,0,1,1,False
3288,0,0,0,0,0,True
3289,0,0,0,0,0,True
3290,0,1,0,0,0,False
3291,1,0,0,1,0,True
3292,0,0,0,0,0,True
3293,1,0,0,0,1,False
3294,1,0,0,1,0,True
3295,0,0,0,0,0,True
3296,0,0,0,1,1,False
3297,1,0,0,1,0,True
3298,0,0,0,0,0,True
3299,0,0,2,0,0,True
3300,1,0,0,1,0,True
3301,0,0,0,0,0,True
3302,0,0,0,1,1,False
3303,0,0,0,0,0,True
3304,1,0,0,1,0,True
3305,1,0,2,1,0,True
3306,0,1,0,0,1,True
3307,1,0,2,0,1,False
3308,0,0,0,0,1,False
3309,1,0,0,0,1,False
3310,0,1,0,1,0,False
3311,0,1,0,1,0,False
3312,1,0,0,1,0,True
3313,0,0,0,0,0,True
3314,0,0,2,0,1,False
3315,0,0,0,0,1,False
3316,1,0,0,1,0,True
3317,1,0,0,1,1,False
3318,1,0,2,1,0,True
3319,0,0,2,0,0,True
3320,1,0,0,1,1,False
3321,1,0,0,1,0,True
3322,0,1,0,0,1,True
3323,1,0,2,0,1,False
3324,0,0,0,0,0,True
3325,0,0,0,0,0,True
3326,0,0,2,0,0,True
3327,1,0,2,1,0,True
3328,1,0,0,1,0,True
3329,1,0,2,0,1,False
3330,0,0,0,0,1,False
3331,0,1,0,0,1,True
3332,0,0,2,0,0,True
3333,1,0,0,1,0,True
3334,0,1,0,1,0,False
3335,1,0,0,1,0,True
3336,0,0,0,0,0,True
3337,0,0,0,0,0,True
3338,0,0,0,1,1,False
3339,0,0,2,0,0,True
3340,0,0,0,1,1,False
3341,0,0,2,0,0,True
3342,0,0,2,0,1,False
3343,0,1,0,0,0,False
3344,1,0,0,1,0,True
3345,1,0,2,1,0,True
3346,0,0,0,1,1,False
3347,1,0,0,1,0,True
3348,1,0,2,1,1,False
3349,1,0,2,1,0,True
3350,0,0,0,0,1,False
3351,1,0,0,0,1,False
3352,1,0,2,0,1,False
3353,0,1,2,1,0,False
3354,1,0,0,0,1,False
3355,0,1,0,0,1,True
3356,1,0,0,1,1,False
3357,1,0,0,1,0,True
3358,1,0,0,1,0,True
3359,0,0,0,0,0,True
3360,0,1,0,1,0,False
3361,0,0,0,1,1,False
3362,1,0,0,1,0,True
3363,1,0,0,1,0,True
3364,1,0,0,1,0,True
3365,0,0,2,0,0,True
3366,1,0,0,0,1,False
3367,0,0,0,1,1,False
3368,0,0,0,0,0,True
3369,1,0,0,1,0,True
3370,1,0,2,0,1,False
3371,1,0,0,1,0,True
3372,0,0,0,0,1,False
3373,0,0,0,0,0,True
3374,1,0,0,1,0,True
3375,1,0,0,1,1,False
3376,1,0,2,0,1,False
3377,0,1,0,0,1,True
3378,1,0,2,1,0,True
3379,1,0,0,1,0,True
3380,0,0,0,0,0,True
3381,0,0,0,1,1,False
3382,1,0,0,1,0,True
3383,0,0,0,1,1,False
3384,1,0,0,1,0,True
3385,0,0,0,1,1,False
3386,1,0,2,1,1,False
3387,0,0,0,0,0,True
3388,0,1,0,1,0,False
3389,0,0,0,0,0,True
3390,1,0,2,0,1,False
3391,0,0,0,1,1,False
3392,0,0,0,0,0,True
3393,1,0,0,0,1,False
3394,1,0,0,1,0,True
3395,0,1,0,0,0,False
3396,0,0,0,0,1,False
3397,1,0,0,0,1,False
3398,1,0,0,1,0,True
3399,0,0,0,0,0,True
3400,1,0,2,1,0,True
3401,1,0,0,1,0,True
3402,1,0,0,1,1,False
3403,1,0,0,1,1,False
3404,1,0,0,1,0,True
3405,0,0,0,0,1,False
3406,0,0,0,1,1,False
3407,1,0,0,1,0,True
3408,0,0,2,1,1,False
3409,0,1,2,1,0,False
3410,1,0,2,1,0,True
3411,1,0,0,1,0,True
3412,0,0,0,0,0,True
3413,0,0,0,0,1,False
3414,1,0,0,1,0,True
3415,0,0,0,0,0,True
3416,1,0,0,1,0,True
3417,0,0,0,0,0,True
3418,0,0,2,1,1,False
3419,1,0,0,1,1,False
3420,1,0,2,0,1,False
3421,0,1,0,0,0,False
3422,1,0,0,1,0,True
3423,0,0,0,0,1,False
3424,1,0,2,1,0,True
3425,1,0,0,1,0,True
3426,1,0,0,1,0,True
3427,0,1,0,0,1,True
3428,0,0,0,0,0,True
3429,0,0,0,1,1,False
3430,0,0,2,0,0,True
3431,0,0,0,0,0,True
3432,0,0,2,1,1,False
3433,0,0,0,0,1,False
3434,0,0,2,0,0,True
3435,0,1,0,0,1,True
3436,0,0,0,1,1,False
3437,0,0,2,1,1,False
3438,0,0,2,0,0,True
3439,0,0,0,0,0,True
3440,1,0,0,1,0,True
3441,0,1,2,1,0,False
3442,1,0,2,1,1,False
3443,0,0,0,1,1,False
3444,0,0,2,0,0,True
3445,0,0,0,0,0,True
3446,0,0,0,0,1,False
3447,0,0,0,0,1,False
3448,0,1,0,0,0,False
3449,0,0,0,0,0,True
3450,1,0,0,1,1,False
3451,0,1,0,0,1,True
3452,1,0,0,0,1,False
3453,0,0,0,0,0,True
3454,0,0,2,0,0,True
3455,1,0,0,1,0,True
3456,1,0,2,1,1,False
3457,0,1,2,0,0,False
3458,0,0,0,0,0,True
3459,1,0,2,0,1,False
3460,0,0,0,0,1,False
3461,1,0,2,1,0,True
3462,1,0,2,0,1,False
3463,1,0,0,0,1,False
3464,0,0,2,0,1,False
3465,0,0,0,0,0,True
3466,0,1,2,0,0,False
3467,1,0,0,1,1,False
3468,0,0,2,0,0,True
3469,0,1,0,1,0,False
3470,0,0,0,0,0,True
3471,0,0,0,1,1,False
3472,0,0,2,1,1,False
3473,0,0,2,0,0,True
3474,0,0,2,0,1,False
3475,1,0,0,0,1,False
3476,1,0,0,1,0,True
3477,1,0,0,1,0,True
3478,1,0,0,0,1,False
3479,0,1,0,1,0,False
3480,1,0,0,1,0,True
3481,1,0,0,1,1,False
3482,1,0,0,1,1,False
3483,0,0,0,0,1,False
3484,1,0,2,1,1,False
3485,0,0,2,1,1,False
3486,0,1,0,0,0,False
3487,0,0,0,0,1,False
3488,1,0,2,1,1,False
3489,0,1,0,1,0,False
3490,1,0,0,1,1,False
3491,1,0,0,1,0,True
3492,0,0,0,0,0,True
3493,0,0,0,0,0,True
3494,1,0,0,1,0,True
3495,1,0,0,1,0,True
3496,0,0,0,0,1,False
3497,1,0,2,1,0,True
3498,0,0,0,0,0,True
3499,1,0,2,0,1,False
3500,1,0,0,1,0,True
3501,1,0,0,0,1,False
3502,1,0,0,0,1,False
3503,0,0,0,0,1,False
3504,1,0,0,1,0,True
3505,1,0,2,0,1,False
3506,0,0,0,0,0,True
3507,1,0,2,1,0,True
3508,0,0,2,0,0,True
3509,1,0,0,1,0,True
3510,1,0,2,1,0,True
3511,0,0,0,0,1,False
3512,0,0,2,0,0,True
3513,0,0,0,1,1,False
3514,1,0,2,0,1,False
3515,1,0,0,0,1,False
3516,1,0,0,1,0,True
3517,0,1,2,0,1,True
3518,0,0,0,0,0,True
3519,1,0,0,0,1,False
3520,0,1,0,0,1,True
3521,0,0,0,1,1,False
3522,1,0,0,1,1,False
3523,1,0,0,1,0,True
3524,0,1,0,1,0,False
3525,1,0,0,1,0,True
3526,0,0,0,0,1,False
3527,1,0,0,1,0,True
3528,1,0,2,1,1,False
3529,1,0,0,1,0,True
3530,0,0,2,0,1,False
3531,1,0,2,0,1,False
3532,1,0,0,1,1,False
3533,0,1,0,1,0,False
3534,1,0,0,1,1,False
3535,0,0,0,0,0,True
3536,1,0,0,1,0,True
3537,0,0,0,0,0,True
3538,1,0,2,1,1,False
3539,0,0,0,0,0,True
3540,1,0,0,1,0,True
3541,1,0,0,1,1,False
3542,0,0,0,0,0,True
3543,1,0,0,0,1,False
3544,0,0,0,0,1,False
3545,1,0,0,1,1,False
3546,1,0,2,1,1,False
3547,1,0,0,1,0,True
3548,1,0,0,1,1,False
3549,0,0,0,0,1,False
3550,0,0,0,0,0,True
3551,0,1,0,0,1,True
3552,1,0,0,0,1,False
3553,1,0,0,0,1,False
3554,1,0,0,0,1,False
3555,1,0,0,1,0,True
3556,0,0,0,0,0,True
3557,1,0,0,1,0,True
3558,0,0,0,1,1,False
3559,1,0,0,1,0,True
3560,0,0,0,0,1,False
3561,0,0,0,1,1,False
3562,0,0,2,0,0,True
3563,0,0,0,0,0,True
3564,0,0,0,0,0,True
3565,1,0,0,0,1,False
3566,1,0,2,1,0,True
3567,0,0,0,0,0,True
3568,0,1,0,1,0,False
3569,0,0,0,0,1,False
3570,1,0,0,1,0,True
3571,0,0,0,1,1,False
3572,0,0,0,0,0,True
3573,1,0,0,1,0,True
3574,0,0,2,0,1,False
3575,0,0,2,0,0,True
3576,0,1,2,0,0,False
3577,0,0,0,0,0,True
3578,1,0,2,1,0,True
3579,0,0,0,0,0,True
3580,0,0,0,1,1,False
3581,1,0,0,1,0,True
3582,1,0,0,1,0,True
3583,1,0,0,1,0,True
3584,0,1,2,1,0,False
3585,0,1,0,1,0,False
3586,0,0,2,1,1,False
3587,0,0,2,0,0,True
3588,1,0,0,1,1,False
3589,1,0,2,0,1,False
3590,0,0,0,0,0,True
3591,0,0,0,0,0,True
3592,0,0,0,0,1,False
3593,0,0,0,0,0,True
3594,0,1,0,0,1,True
3595,0,0,0,0,0,True
3596,0,1,0,1,0,False
3597,1,0,0,1,0,True
3598,0,0,0,0,0,True
3599,1,0,0,1,0,True
3600,0,1,0,0,0,False
3601,1,0,0,1,1,False
3602,1,0,0,1,1,False
3603,1,0,0,1,1,False
3604,0,0,2,0,1,False
3605,0,0,0,1,1,False
3606,1,0,0,0,1,False
3607,0,0,0,0,0,True
3608,0,0,0,0,0,True
3609,0,0,0,0,0,True
3610,1,0,2,1,0,True
3611,1,0,2,1,0,True
3612,0,0,0,0,0,True
3613,1,0,0,1,0,True
3614,1,0,0,1,1,False
3615,1,0,0,1,1,False
3616,1,0,0,1,1,False
3617,1,0,0,1,1,False
3618,1,0,0,1,0,True
3619,0,0,0,0,0,True
3620,0,1,2,0,0,False
3621,1,0,0,1,0,True
3622,1,0,0,1,0,True
3623,0,1,0,0,1,True
3624,1,0,0,1,0,True
3625,0,0,0,0,0,True
3626,0,0,0,0,0,True
3627,1,0,0,1,0,True
3628,1,0,0,0,1,False
3629,0,0,0,0,0,True
3630,0,1,0,0,1,True
3631,1,0,0,1,0,True
3632,0,0,0,0,0,True
3633,1,0,0,0,1,False
3634,0,0,2,0,0,True
3635,1,0,0,0,1,False
3636,1,0,0,1,0,True
3637,1,0,0,0,1,False
3638,0,0,0,0,1,False
3639,1,0,2,1,1,False
3640,1,0,0,0,1,False
3641,1,0,0,1,0,True
3642,0,0,0,0,0,True
3643,0,0,0,0,1,False
3644,0,0,0,1,1,False
3645,0,0,0,0,1,False
3646,0,0,0,0,0,True
3647,0,1,0,0,0,False
3648,0,0,0,0,1,False
3649,1,0,0,1,0,True
3650,0,1,0,0,1,True
3651,0,0,0,0,0,True
3652,1,0,0,1,0,True
3653,1,0,0,0,1,False
3654,0,0,0,1,1,False
3655,1,0,0,1,0,True
3656,1,0,0,1,0,True
3657,1,0,0,1,0,True
3658,0,0,0,0,0,True
3659,0,0,0,0,0,True
3660,0,0,0,0,0,True
3661,0,0,2,0,1,False
3662,1,0,0,0,1,False
3663,1,0,0,1,0,True
3664,0,0,2,1,1,False
3665,1,0,0,1,0,True
3666,0,0,0,0,1,False
3667,0,0,0,0,1,False
3668,1,0,0,1,1,False
3669,0,1,0,0,1,True
3670,1,0,0,1,1,False
3671,0,0,0,0,1,False
3672,1,0,2,1,0,True
3673,1,0,2,1,0,True
3674,1,0,2,0,1,False
3675,1,0,0,1,0,True
3676,0,0,0,0,1,False
3677,0,0,0,0,1,False
3678,0,0,0,0,0,True
3679,1,0,0,0,1,False
3680,0,1,0,0,1,True
3681,1,0,0,1,0,True
3682,0,0,0,0,1,False
3683,1,0,2,0,1,False
3684,1,0,2,0,1,False
3685,0,0,0,0,1,False
3686,0,0,0,1,1,False
3687,0,1,0,1,0,False
3688,0,0,0,0,0,True
3689,0,0,2,0,0,True
3690,0,0,0,0,0,True
3691,0,0,0,1,1,False
3692,0,1,0,0,0,False
3693,1,0,2,1,0,True
3694,1,0,0,0,1,False
3695,0,0,0,0,0,True
3696,1,0,0,1,0,True
3697,1,0,2,1,0,True
3698,0,0,0,0,1,False
3699,0,1,0,1,0,False
3700,0,0,0,1,1,False
3701,0,0,0,1,1,False
3702,1,0,0,1,0,True
3703,1,0,0,1,1,False
3704,0,0,0,0,0,True
3705,1,0,0,1,1,False
3706,0,0,0,0,0,True
3707,0,0,0,1,0,True
3708,1,0,0,0,1,False
3709,1,0,0,1,0,True
3710,0,0,0,0,1,False
3711,1,0,0,1,0,True
3712,1,0,0,1,0,True
3713,1,0,2,0,1,False
3714,0,0,0,0,1,False
3715,1,0,0,1,0,True
3716,1,0,2,1,0,True
3717,1,0,0,1,1,False
3718,1,0,2,1,0,True
3719,1,0,0,1,0,True
3720,1,0,0,1,0,True
3721,0,0,0,0,0,True
3722,1,0,0,1,0,True
3723,0,0,0,0,0,True
3724,1,0,0,1,1,False
3725,1,0,2,1,0,True
3726,1,0,0,0,1,False
3727,1,0,0,1,0,True
3728,1,0,0,1,0,True
3729,0,0,0,0,0,True
3730,0,0,0,0,1,False
3731,0,0,0,0,1,False
3732,1,0,0,0,1,False
3733,0,0,0,1,1,False
3734,1,0,0,1,1,False
3735,0,1,2,0,1,True
3736,0,0,2,0,0,True
3737,1,0,0,1,0,True
3738,0,0,0,1,1,False
3739,1,0,0,0,1,False
3740,0,0,2,0,1,False
3741,0,0,0,1,1,False
3742,1,0,0,0,1,False
3743,1,0,0,1,1,False
3744,0,0,0,0,0,True
3745,1,0,2,1,0,True
3746,1,0,0,1,0,True
3747,0,0,0,0,1,False
3748,0,0,0,1,1,False
3749,1,0,2,1,0,True
3750,1,0,0,0,1,False
3751,0,0,0,1,1,False
3752,1,0,2,1,1,False
3753,0,0,2,0,1,False
3754,1,0,0,0,1,False
3755,1,0,2,0,1,False
3756,1,0,2,0,1,False
3757,1,0,2,1,0,True
3758,0,0,0,0,1,False
3759,0,0,0,0,0,True
3760,1,0,2,0,1,False
3761,0,1,2,0,1,True
3762,0,0,2,0,1,False
3763,0,0,2,0,0,True
3764,0,1,2,0,1,True
3765,1,0,0,1,0,True
3766,1,0,2,1,0,True
3767,1,0,0,0,1,False
3768,0,0,0,1,1,False
3769,1,0,2,0,1,False
3770,1,0,0,1,0,True
3771,0,0,0,0,0,True
3772,1,0,0,0,1,False
3773,1,0,2,0,1,False
3774,0,0,0,0,1,False
3775,1,0,0,0,1,False
3776,1,0,0,1,1,False
3777,1,0,0,0,1,False
3778,1,0,0,1,0,True
3779,0,1,0,1,0,False
3780,0,0,0,0,1,False
3781,0,0,0,0,0,True
3782,1,0,0,1,0,True
3783,0,0,0,0,0,True
3784,0,0,2,0,0,True
3785,0,0,0,0,0,True
3786,1,0,0,1,1,False
3787,1,0,2,0,1,False
3788,1,0,0,0,1,False
3789,1,0,0,1,0,True
3790,1,0,0,0,1,False
3791,1,0,0,1,1,False
3792,1,0,0,0,1,False
3793,0,0,0,0,0,True
3794,1,0,0,1,0,True
3795,0,0,2,0,0,True
3796,1,0,0,0,1,False
3797,0,0,0,0,1,False
3798,1,0,0,0,1,False
3799,1,0,2,0,1,False
3800,1,0,0,0,1,False
3801,1,0,0,1,1,False
3802,1,0,2,1,0,True
3803,1,0,2,1,0,True
3804,0,0,2,0,0,True
3805,1,0,0,1,0,True
3806,1,0,2,1,0,True
3807,0,1,0,0,1,True
3808,0,0,0,1,1,False
3809,0,0,2,0,0,True
3810,1,0,2,1,1,False
3811,1,0,0,1,0,True
3812,1,0,0,0,1,False
3813,0,0,0,0,0,True
3814,0,1,0,0,0,False
3815,1,0,0,1,1,False
3816,0,0,0,0,1,False
3817,1,0,0,1,0,True
3818,1,0,2,0,1,False
3819,1,0,0,1,0,True
3820,0,0,0,0,0,True
3821,1,0,0,0,1,False
3822,0,1,0,1,0,False
3823,1,0,0,1,0,True
3824,0,1,0,1,0,False
3825,1,0,0,1,0,True
3826,0,0,0,0,1,False
3827,0,0,2,0,1,False
3828,0,0,0,1,1,False
3829,1,0,2,1,1,False
3830,0,0,0,0,0,True
3831,1,0,0,0,1,False
3832,1,0,0,0,1,False
3833,1,0,0,1,0,True
3834,0,0,0,0,0,True
3835,1,0,0,1,1,False
3836,0,0,0,0,0,True
3837,0,0,0,0,0,True
3838,0,0,0,1,0,True
3839,1,0,0,0,1,False
3840,1,0,0,0,1,False
3841,0,0,0,1,1,False
3842,1,0,2,1,0,True
3843,0,0,0,1,1,False
3844,1,0,0,1,0,True
3845,0,1,0,0,1,True
3846,0,0,2,0,0,True
3847,1,0,0,1,0,True
3848,0,0,2,0,0,True
3849,1,0,0,0,1,False
3850,1,0,0,0,1,False
3851,1,0,0,1,0,True
3852,1,0,0,1,1,False
3853,1,0,0,1,0,True
3854,1,0,0,1,0,True
3855,0,1,0,1,0,False
3856,1,0,0,1,0,True
3857,1,0,0,1,0,True
3858,0,0,0,1,1,False
3859,1,0,0,1,0,True
3860,0,1,0,1,0,False
3861,0,0,0,0,1,False
3862,0,1,2,0,1,True
3863,0,1,2,0,1,True
3864,1,0,0,1,0,True
3865,0,1,0,1,0,False
3866,1,0,0,1,0,True
3867,1,0,0,1,1,False
3868,1,0,2,1,1,False
3869,1,0,2,0,1,False
3870,0,1,0,1,0,False
3871,1,0,2,1,0,True
3872,1,0,0,0,1,False
3873,1,0,0,0,1,False
3874,0,0,0,0,0,True
3875,0,0,0,0,1,False
3876,0,1,2,0,0,False
3877,1,0,0,1,0,True
3878,1,0,0,1,0,True
3879,1,0,0,1,0,True
3880,1,0,0,0,1,False
3881,0,1,0,0,1,True
3882,1,0,0,1,0,True
3883,1,0,0,1,0,True
3884,0,1,0,0,0,False
3885,1,0,0,1,0,True
3886,1,0,0,1,1,False
3887,1,0,2,1,0,True
3888,0,0,0,0,0,True
3889,0,0,0,1,1,False
3890,0,0,0,0,0,True
3891,1,0,0,1,0,True
3892,1,0,2,1,0,True
3893,0,0,0,0,1,False
3894,0,0,2,1,1,False
3895,1,0,0,1,0,True
3896,0,0,2,0,1,False
3897,1,0,0,0,1,False
3898,0,0,2,1,1,False
3899,0,0,0,0,0,True
3900,0,0,2,1,1,False
3901,0,0,2,0,0,True
3902,1,0,0,1,1,False
3903,0,0,0,0,1,False
3904,1,0,0,1,0,True
3905,0,0,0,0,0,True
3906,1,0,2,1,1,False
3907,0,1,0,0,0,False
3908,0,0,0,0,0,True
3909,1,0,0,1,0,True
3910,0,0,2,0,0,True
3911,1,0,0,1,1,False
3912,1,0,2,1,1,False
3913,0,1,0,0,0,False
3914,0,0,0,0,0,True
3915,0,0,2,0,0,True
3916,1,0,0,1,0,True
3917,0,0,0,0,0,True
3918,0,0,0,0,1,False
3919,0,0,0,0,1,False
3920,0,0,2,0,1,False
3921,1,0,0,1,0,True
3922,1,0,2,0,1,False
3923,1,0,2,0,1,False
3924,0,1,2,0,0,False
3925,1,0,0,1,1,False
3926,0,0,2,0,1,False
3927,1,0,0,0,1,False
3928,1,0,0,1,0,True
3929,1,0,2,0,1,False
3930,0,0,0,1,1,False
3931,1,0,2,1,0,True
3932,0,0,0,0,1,False
3933,1,0,0,1,0,True
3934,1,0,0,1,0,True
3935,1,0,2,1,0,True
3936,1,0,0,1,0,True
3937,0,0,0,0,1,False
3938,1,0,0,1,0,True
3939,1,0,0,1,0,True
3940,1,0,0,1,1,False
3941,1,0,0,1,0,True
3942,1,0,0,1,0,True
3943,0,0,2,1,1,False
3944,1,0,0,0,1,False
3945,1,0,2,1,0,True
3946,1,0,2,0,1,False
3947,0,0,0,0,1,False
3948,0,0,0,0,0,True
3949,1,0,0,0,1,False
3950,1,0,2,1,1,False
3951,1,0,2,0,1,False
3952,1,0,0,1,1,False
3953,1,0,0,1,0,True
3954,0,1,0,0,0,False
3955,0,0,0,0,0,True
3956,1,0,0,1,0,True
3957,1,0,0,1,0,True
3958,0,0,0,0,1,False
3959,0,0,0,0,1,False
3960,0,0,0,1,1,False
3961,1,0,0,1,0,True
3962,0,0,2,0,0,True
3963,1,0,2,1,0,True
3964,0,1,0,0,1,True
3965,0,0,0,0,0,True
3966,0,1,0,0,0,False
3967,1,0,0,1,0,True
3968,0,0,0,0,1,False
3969,0,0,0,1,1,False
3970,1,0,0,1,0,True
3971,0,0,0,0,0,True
3972,1,0,0,1,1,False
3973,0,0,0,0,1,False
3974,1,0,0,1,0,True
3975,1,0,0,1,1,False
3976,1,0,0,0,1,False
3977,0,0,0,0,0,True
3978,1,0,0,0,1,False
3979,1,0,2,1,1,False
3980,0,0,0,0,0,True
3981,1,0,2,1,1,False
3982,0,0,0,1,1,False
3983,1,0,0,1,0,True
3984,1,0,2,1,0,True
3985,1,0,0,1,0,True
3986,0,0,0,0,0,True
3987,0,0,0,0,0,True
3988,1,0,2,1,0,True
3989,0,0,2,0,0,True
3990,1,0,2,0,1,False
3991,1,0,0,1,0,True
3992,1,0,0,0,1,False
3993,1,0,0,0,1,False
3994,0,0,0,1,1,False
3995,1,0,0,1,0,True
3996,0,0,2,0,0,True
3997,1,0,2,1,1,False
3998,0,0,0,0,1,False
3999,1,0,0,1,0,True
